condition_id,N,delay_k,seed,slurm_job_id,demo_path,status,arm
delay_human_k0_flagged,15,0,0,220759,/scratch/marzii/imitation_runs/demos/harder_vs_easier/record_lander_vanish/demos/human/vanish_p0/session_1_flagged,submitted,flagged
delay_human_k0_flagged,15,0,1,220760,/scratch/marzii/imitation_runs/demos/harder_vs_easier/record_lander_vanish/demos/human/vanish_p0/session_1_flagged,submitted,flagged
delay_human_k0_flagged,15,0,2,220761,/scratch/marzii/imitation_runs/demos/harder_vs_easier/record_lander_vanish/demos/human/vanish_p0/session_1_flagged,submitted,flagged
delay_human_k0_flagged,15,0,3,220762,/scratch/marzii/imitation_runs/demos/harder_vs_easier/record_lander_vanish/demos/human/vanish_p0/session_1_flagged,submitted,flagged
delay_human_k0_flagged,15,0,4,220763,/scratch/marzii/imitation_runs/demos/harder_vs_easier/record_lander_vanish/demos/human/vanish_p0/session_1_flagged,submitted,flagged
delay_human_k0_flagged,15,0,5,220764,/scratch/marzii/imitation_runs/demos/harder_vs_easier/record_lander_vanish/demos/human/vanish_p0/session_1_flagged,submitted,flagged
delay_human_k0_flagged,15,0,6,220765,/scratch/marzii/imitation_runs/demos/harder_vs_easier/record_lander_vanish/demos/human/vanish_p0/session_1_flagged,submitted,flagged
delay_human_k0_flagged,15,0,7,220766,/scratch/marzii/imitation_runs/demos/harder_vs_easier/record_lander_vanish/demos/human/vanish_p0/session_1_flagged,submitted,flagged
delay_human_k0_flagged,15,0,8,220767,/scratch/marzii/imitation_runs/demos/harder_vs_easier/record_lander_vanish/demos/human/vanish_p0/session_1_flagged,submitted,flagged
delay_human_k0_flagged,15,0,9,220768,/scratch/marzii/imitation_runs/demos/harder_vs_easier/record_lander_vanish/demos/human/vanish_p0/session_1_flagged,submitted,flagged
delay_human_k0_flagged,15,0,10,220769,/scratch/marzii/imitation_runs/demos/harder_vs_easier/record_lander_vanish/demos/human/vanish_p0/session_1_flagged,submitted,flagged
delay_human_k0_flagged,15,0,11,220770,/scratch/marzii/imitation_runs/demos/harder_vs_easier/record_lander_vanish/demos/human/vanish_p0/session_1_flagged,submitted,flagged
delay_human_k0_flagged,15,0,12,220771,/scratch/marzii/imitation_runs/demos/harder_vs_easier/record_lander_vanish/demos/human/vanish_p0/session_1_flagged,submitted,flagged
delay_human_k0_flagged,15,0,13,220772,/scratch/marzii/imitation_runs/demos/harder_vs_easier/record_lander_vanish/demos/human/vanish_p0/session_1_flagged,submitted,flagged
delay_human_k0_flagged,15,0,14,220773,/scratch/marzii/imitation_runs/demos/harder_vs_easier/record_lander_vanish/demos/human/vanish_p0/session_1_flagged,submitted,flagged
delay_human_k0_flagged,15,0,15,220774,/scratch/marzii/imitation_runs/demos/harder_vs_easier/record_lander_vanish/demos/human/vanish_p0/session_1_flagged,submitted,flagged
delay_human_k0_flagged,15,0,16,220775,/scratch/marzii/imitation_runs/demos/harder_vs_easier/record_lander_vanish/demos/human/vanish_p0/session_1_flagged,submitted,flagged
delay_human_k0_flagged,15,0,17,220776,/scratch/marzii/imitation_runs/demos/harder_vs_easier/record_lander_vanish/demos/human/vanish_p0/session_1_flagged,submitted,flagged
delay_human_k0_flagged,15,0,18,220777,/scratch/marzii/imitation_runs/demos/harder_vs_easier/record_lander_vanish/demos/human/vanish_p0/session_1_flagged,submitted,flagged
delay_human_k0_flagged,15,0,19,220778,/scratch/marzii/imitation_runs/demos/harder_vs_easier/record_lander_vanish/demos/human/vanish_p0/session_1_flagged,submitted,flagged
delay_human_k0_flagged,15,0,20,220779,/scratch/marzii/imitation_runs/demos/harder_vs_easier/record_lander_vanish/demos/human/vanish_p0/session_1_flagged,submitted,flagged
delay_human_k0_flagged,15,0,21,220780,/scratch/marzii/imitation_runs/demos/harder_vs_easier/record_lander_vanish/demos/human/vanish_p0/session_1_flagged,submitted,flagged
delay_human_k0_flagged,15,0,22,220781,/scratch/marzii/imitation_runs/demos/harder_vs_easier/record_lander_vanish/demos/human/vanish_p0/session_1_flagged,submitted,flagged
delay_human_k0_flagged,15,0,23,220782,/scratch/marzii/imitation_runs/demos/harder_vs_easier/record_lander_vanish/demos/human/vanish_p0/session_1_flagged,submitted,flagged
delay_human_k0_flagged,15,0,24,220783,/scratch/marzii/imitation_runs/demos/harder_vs_easier/record_lander_vanish/demos/human/vanish_p0/session_1_flagged,submitted,flagged
delay_human_k0_flagged,15,0,25,220784,/scratch/marzii/imitation_runs/demos/harder_vs_easier/record_lander_vanish/demos/human/vanish_p0/session_1_flagged,submitted,flagged
delay_human_k0_flagged,15,0,26,220785,/scratch/marzii/imitation_runs/demos/harder_vs_easier/record_lander_vanish/demos/human/vanish_p0/session_1_flagged,submitted,flagged
delay_human_k0_flagged,15,0,27,220786,/scratch/marzii/imitation_runs/demos/harder_vs_easier/record_lander_vanish/demos/human/vanish_p0/session_1_flagged,submitted,flagged
delay_human_k0_flagged,15,0,28,220787,/scratch/marzii/imitation_runs/demos/harder_vs_easier/record_lander_vanish/demos/human/vanish_p0/session_1_flagged,submitted,flagged
delay_human_k0_flagged,15,0,29,220788,/scratch/marzii/imitation_runs/demos/harder_vs_easier/record_lander_vanish/demos/human/vanish_p0/session_1_flagged,submitted,flagged
delay_human_k5_flagged,15,5,0,220789,/scratch/marzii/imitation_runs/demos/harder_vs_easier/record_delay/demos/human/delay_k5/session_1_flagged,submitted,flagged
delay_human_k5_flagged,15,5,1,220790,/scratch/marzii/imitation_runs/demos/harder_vs_easier/record_delay/demos/human/delay_k5/session_1_flagged,submitted,flagged
delay_human_k5_flagged,15,5,2,220791,/scratch/marzii/imitation_runs/demos/harder_vs_easier/record_delay/demos/human/delay_k5/session_1_flagged,submitted,flagged
delay_human_k5_flagged,15,5,3,220792,/scratch/marzii/imitation_runs/demos/harder_vs_easier/record_delay/demos/human/delay_k5/session_1_flagged,submitted,flagged
delay_human_k5_flagged,15,5,4,220793,/scratch/marzii/imitation_runs/demos/harder_vs_easier/record_delay/demos/human/delay_k5/session_1_flagged,submitted,flagged
delay_human_k5_flagged,15,5,5,220794,/scratch/marzii/imitation_runs/demos/harder_vs_easier/record_delay/demos/human/delay_k5/session_1_flagged,submitted,flagged
delay_human_k5_flagged,15,5,6,220795,/scratch/marzii/imitation_runs/demos/harder_vs_easier/record_delay/demos/human/delay_k5/session_1_flagged,submitted,flagged
delay_human_k5_flagged,15,5,7,220796,/scratch/marzii/imitation_runs/demos/harder_vs_easier/record_delay/demos/human/delay_k5/session_1_flagged,submitted,flagged
delay_human_k5_flagged,15,5,8,220797,/scratch/marzii/imitation_runs/demos/harder_vs_easier/record_delay/demos/human/delay_k5/session_1_flagged,submitted,flagged
delay_human_k5_flagged,15,5,9,220798,/scratch/marzii/imitation_runs/demos/harder_vs_easier/record_delay/demos/human/delay_k5/session_1_flagged,submitted,flagged
delay_human_k5_flagged,15,5,10,220799,/scratch/marzii/imitation_runs/demos/harder_vs_easier/record_delay/demos/human/delay_k5/session_1_flagged,submitted,flagged
delay_human_k5_flagged,15,5,11,220800,/scratch/marzii/imitation_runs/demos/harder_vs_easier/record_delay/demos/human/delay_k5/session_1_flagged,submitted,flagged
delay_human_k5_flagged,15,5,12,220801,/scratch/marzii/imitation_runs/demos/harder_vs_easier/record_delay/demos/human/delay_k5/session_1_flagged,submitted,flagged
delay_human_k5_flagged,15,5,13,220802,/scratch/marzii/imitation_runs/demos/harder_vs_easier/record_delay/demos/human/delay_k5/session_1_flagged,submitted,flagged
delay_human_k5_flagged,15,5,14,220803,/scratch/marzii/imitation_runs/demos/harder_vs_easier/record_delay/demos/human/delay_k5/session_1_flagged,submitted,flagged
delay_human_k5_flagged,15,5,15,220804,/scratch/marzii/imitation_runs/demos/harder_vs_easier/record_delay/demos/human/delay_k5/session_1_flagged,submitted,flagged
delay_human_k5_flagged,15,5,16,220805,/scratch/marzii/imitation_runs/demos/harder_vs_easier/record_delay/demos/human/delay_k5/session_1_flagged,submitted,flagged
delay_human_k5_flagged,15,5,17,220806,/scratch/marzii/imitation_runs/demos/harder_vs_easier/record_delay/demos/human/delay_k5/session_1_flagged,submitted,flagged
delay_human_k5_flagged,15,5,18,220807,/scratch/marzii/imitation_runs/demos/harder_vs_easier/record_delay/demos/human/delay_k5/session_1_flagged,submitted,flagged
delay_human_k5_flagged,15,5,19,220808,/scratch/marzii/imitation_runs/demos/harder_vs_easier/record_delay/demos/human/delay_k5/session_1_flagged,submitted,flagged
delay_human_k5_flagged,15,5,20,220809,/scratch/marzii/imitation_runs/demos/harder_vs_easier/record_delay/demos/human/delay_k5/session_1_flagged,submitted,flagged
delay_human_k5_flagged,15,5,21,220810,/scratch/marzii/imitation_runs/demos/harder_vs_easier/record_delay/demos/human/delay_k5/session_1_flagged,submitted,flagged
delay_human_k5_flagged,15,5,22,220811,/scratch/marzii/imitation_runs/demos/harder_vs_easier/record_delay/demos/human/delay_k5/session_1_flagged,submitted,flagged
delay_human_k5_flagged,15,5,23,220812,/scratch/marzii/imitation_runs/demos/harder_vs_easier/record_delay/demos/human/delay_k5/session_1_flagged,submitted,flagged
delay_human_k5_flagged,15,5,24,220813,/scratch/marzii/imitation_runs/demos/harder_vs_easier/record_delay/demos/human/delay_k5/session_1_flagged,submitted,flagged
delay_human_k5_flagged,15,5,25,220814,/scratch/marzii/imitation_runs/demos/harder_vs_easier/record_delay/demos/human/delay_k5/session_1_flagged,submitted,flagged
delay_human_k5_flagged,15,5,26,220815,/scratch/marzii/imitation_runs/demos/harder_vs_easier/record_delay/demos/human/delay_k5/session_1_flagged,submitted,flagged
delay_human_k5_flagged,15,5,27,220816,/scratch/marzii/imitation_runs/demos/harder_vs_easier/record_delay/demos/human/delay_k5/session_1_flagged,submitted,flagged
delay_human_k5_flagged,15,5,28,220817,/scratch/marzii/imitation_runs/demos/harder_vs_easier/record_delay/demos/human/delay_k5/session_1_flagged,submitted,flagged
delay_human_k5_flagged,15,5,29,220818,/scratch/marzii/imitation_runs/demos/harder_vs_easier/record_delay/demos/human/delay_k5/session_1_flagged,submitted,flagged
delay_human_k10_flagged,15,10,0,220819,/scratch/marzii/imitation_runs/demos/harder_vs_easier/record_delay/demos/human/delay_k10/session_1_flagged,submitted,flagged
delay_human_k10_flagged,15,10,1,220820,/scratch/marzii/imitation_runs/demos/harder_vs_easier/record_delay/demos/human/delay_k10/session_1_flagged,submitted,flagged
delay_human_k10_flagged,15,10,2,220821,/scratch/marzii/imitation_runs/demos/harder_vs_easier/record_delay/demos/human/delay_k10/session_1_flagged,submitted,flagged
delay_human_k10_flagged,15,10,3,220822,/scratch/marzii/imitation_runs/demos/harder_vs_easier/record_delay/demos/human/delay_k10/session_1_flagged,submitted,flagged
delay_human_k10_flagged,15,10,4,220823,/scratch/marzii/imitation_runs/demos/harder_vs_easier/record_delay/demos/human/delay_k10/session_1_flagged,submitted,flagged
delay_human_k10_flagged,15,10,5,220824,/scratch/marzii/imitation_runs/demos/harder_vs_easier/record_delay/demos/human/delay_k10/session_1_flagged,submitted,flagged
delay_human_k10_flagged,15,10,6,220825,/scratch/marzii/imitation_runs/demos/harder_vs_easier/record_delay/demos/human/delay_k10/session_1_flagged,submitted,flagged
delay_human_k10_flagged,15,10,7,220826,/scratch/marzii/imitation_runs/demos/harder_vs_easier/record_delay/demos/human/delay_k10/session_1_flagged,submitted,flagged
delay_human_k10_flagged,15,10,8,220827,/scratch/marzii/imitation_runs/demos/harder_vs_easier/record_delay/demos/human/delay_k10/session_1_flagged,submitted,flagged
delay_human_k10_flagged,15,10,9,220828,/scratch/marzii/imitation_runs/demos/harder_vs_easier/record_delay/demos/human/delay_k10/session_1_flagged,submitted,flagged
delay_human_k10_flagged,15,10,10,220829,/scratch/marzii/imitation_runs/demos/harder_vs_easier/record_delay/demos/human/delay_k10/session_1_flagged,submitted,flagged
delay_human_k10_flagged,15,10,11,220830,/scratch/marzii/imitation_runs/demos/harder_vs_easier/record_delay/demos/human/delay_k10/session_1_flagged,submitted,flagged
delay_human_k10_flagged,15,10,12,220831,/scratch/marzii/imitation_runs/demos/harder_vs_easier/record_delay/demos/human/delay_k10/session_1_flagged,submitted,flagged
delay_human_k10_flagged,15,10,13,220832,/scratch/marzii/imitation_runs/demos/harder_vs_easier/record_delay/demos/human/delay_k10/session_1_flagged,submitted,flagged
delay_human_k10_flagged,15,10,14,220833,/scratch/marzii/imitation_runs/demos/harder_vs_easier/record_delay/demos/human/delay_k10/session_1_flagged,submitted,flagged
delay_human_k10_flagged,15,10,15,220834,/scratch/marzii/imitation_runs/demos/harder_vs_easier/record_delay/demos/human/delay_k10/session_1_flagged,submitted,flagged
delay_human_k10_flagged,15,10,16,220835,/scratch/marzii/imitation_runs/demos/harder_vs_easier/record_delay/demos/human/delay_k10/session_1_flagged,submitted,flagged
delay_human_k10_flagged,15,10,17,220836,/scratch/marzii/imitation_runs/demos/harder_vs_easier/record_delay/demos/human/delay_k10/session_1_flagged,submitted,flagged
delay_human_k10_flagged,15,10,18,220837,/scratch/marzii/imitation_runs/demos/harder_vs_easier/record_delay/demos/human/delay_k10/session_1_flagged,submitted,flagged
delay_human_k10_flagged,15,10,19,220838,/scratch/marzii/imitation_runs/demos/harder_vs_easier/record_delay/demos/human/delay_k10/session_1_flagged,submitted,flagged
delay_human_k10_flagged,15,10,20,220839,/scratch/marzii/imitation_runs/demos/harder_vs_easier/record_delay/demos/human/delay_k10/session_1_flagged,submitted,flagged
delay_human_k10_flagged,15,10,21,220840,/scratch/marzii/imitation_runs/demos/harder_vs_easier/record_delay/demos/human/delay_k10/session_1_flagged,submitted,flagged
delay_human_k10_flagged,15,10,22,220841,/scratch/marzii/imitation_runs/demos/harder_vs_easier/record_delay/demos/human/delay_k10/session_1_flagged,submitted,flagged
delay_human_k10_flagged,15,10,23,220842,/scratch/marzii/imitation_runs/demos/harder_vs_easier/record_delay/demos/human/delay_k10/session_1_flagged,submitted,flagged
delay_human_k10_flagged,15,10,24,220843,/scratch/marzii/imitation_runs/demos/harder_vs_easier/record_delay/demos/human/delay_k10/session_1_flagged,submitted,flagged
delay_human_k10_flagged,15,10,25,220844,/scratch/marzii/imitation_runs/demos/harder_vs_easier/record_delay/demos/human/delay_k10/session_1_flagged,submitted,flagged
delay_human_k10_flagged,15,10,26,220845,/scratch/marzii/imitation_runs/demos/harder_vs_easier/record_delay/demos/human/delay_k10/session_1_flagged,submitted,flagged
delay_human_k10_flagged,15,10,27,220846,/scratch/marzii/imitation_runs/demos/harder_vs_easier/record_delay/demos/human/delay_k10/session_1_flagged,submitted,flagged
delay_human_k10_flagged,15,10,28,220847,/scratch/marzii/imitation_runs/demos/harder_vs_easier/record_delay/demos/human/delay_k10/session_1_flagged,submitted,flagged
delay_human_k10_flagged,15,10,29,220848,/scratch/marzii/imitation_runs/demos/harder_vs_easier/record_delay/demos/human/delay_k10/session_1_flagged,submitted,flagged
delay_human_k0_first15,15,0,0,220987,/scratch/marzii/imitation_runs/demos/harder_vs_easier/record_lander_vanish/demos/human/vanish_p0/session_1,submitted,first15
delay_human_k0_first15,15,0,1,220988,/scratch/marzii/imitation_runs/demos/harder_vs_easier/record_lander_vanish/demos/human/vanish_p0/session_1,submitted,first15
delay_human_k0_first15,15,0,2,220989,/scratch/marzii/imitation_runs/demos/harder_vs_easier/record_lander_vanish/demos/human/vanish_p0/session_1,submitted,first15
delay_human_k0_first15,15,0,3,220990,/scratch/marzii/imitation_runs/demos/harder_vs_easier/record_lander_vanish/demos/human/vanish_p0/session_1,submitted,first15
delay_human_k0_first15,15,0,4,220991,/scratch/marzii/imitation_runs/demos/harder_vs_easier/record_lander_vanish/demos/human/vanish_p0/session_1,submitted,first15
delay_human_k0_first15,15,0,5,220992,/scratch/marzii/imitation_runs/demos/harder_vs_easier/record_lander_vanish/demos/human/vanish_p0/session_1,submitted,first15
delay_human_k0_first15,15,0,6,220993,/scratch/marzii/imitation_runs/demos/harder_vs_easier/record_lander_vanish/demos/human/vanish_p0/session_1,submitted,first15
delay_human_k0_first15,15,0,7,220994,/scratch/marzii/imitation_runs/demos/harder_vs_easier/record_lander_vanish/demos/human/vanish_p0/session_1,submitted,first15
delay_human_k0_first15,15,0,8,220995,/scratch/marzii/imitation_runs/demos/harder_vs_easier/record_lander_vanish/demos/human/vanish_p0/session_1,submitted,first15
delay_human_k0_first15,15,0,9,220996,/scratch/marzii/imitation_runs/demos/harder_vs_easier/record_lander_vanish/demos/human/vanish_p0/session_1,submitted,first15
delay_human_k0_first15,15,0,10,220997,/scratch/marzii/imitation_runs/demos/harder_vs_easier/record_lander_vanish/demos/human/vanish_p0/session_1,submitted,first15
delay_human_k0_first15,15,0,11,220998,/scratch/marzii/imitation_runs/demos/harder_vs_easier/record_lander_vanish/demos/human/vanish_p0/session_1,submitted,first15
delay_human_k0_first15,15,0,12,220999,/scratch/marzii/imitation_runs/demos/harder_vs_easier/record_lander_vanish/demos/human/vanish_p0/session_1,submitted,first15
delay_human_k0_first15,15,0,13,221000,/scratch/marzii/imitation_runs/demos/harder_vs_easier/record_lander_vanish/demos/human/vanish_p0/session_1,submitted,first15
delay_human_k0_first15,15,0,14,221001,/scratch/marzii/imitation_runs/demos/harder_vs_easier/record_lander_vanish/demos/human/vanish_p0/session_1,submitted,first15
delay_human_k0_first15,15,0,15,221002,/scratch/marzii/imitation_runs/demos/harder_vs_easier/record_lander_vanish/demos/human/vanish_p0/session_1,submitted,first15
delay_human_k0_first15,15,0,16,221003,/scratch/marzii/imitation_runs/demos/harder_vs_easier/record_lander_vanish/demos/human/vanish_p0/session_1,submitted,first15
delay_human_k0_first15,15,0,17,221004,/scratch/marzii/imitation_runs/demos/harder_vs_easier/record_lander_vanish/demos/human/vanish_p0/session_1,submitted,first15
delay_human_k0_first15,15,0,18,221005,/scratch/marzii/imitation_runs/demos/harder_vs_easier/record_lander_vanish/demos/human/vanish_p0/session_1,submitted,first15
delay_human_k0_first15,15,0,19,221006,/scratch/marzii/imitation_runs/demos/harder_vs_easier/record_lander_vanish/demos/human/vanish_p0/session_1,submitted,first15
delay_human_k0_first15,15,0,20,221007,/scratch/marzii/imitation_runs/demos/harder_vs_easier/record_lander_vanish/demos/human/vanish_p0/session_1,submitted,first15
delay_human_k0_first15,15,0,21,221008,/scratch/marzii/imitation_runs/demos/harder_vs_easier/record_lander_vanish/demos/human/vanish_p0/session_1,submitted,first15
delay_human_k0_first15,15,0,22,221009,/scratch/marzii/imitation_runs/demos/harder_vs_easier/record_lander_vanish/demos/human/vanish_p0/session_1,submitted,first15
delay_human_k0_first15,15,0,23,221010,/scratch/marzii/imitation_runs/demos/harder_vs_easier/record_lander_vanish/demos/human/vanish_p0/session_1,submitted,first15
delay_human_k0_first15,15,0,24,221011,/scratch/marzii/imitation_runs/demos/harder_vs_easier/record_lander_vanish/demos/human/vanish_p0/session_1,submitted,first15
delay_human_k0_first15,15,0,25,221012,/scratch/marzii/imitation_runs/demos/harder_vs_easier/record_lander_vanish/demos/human/vanish_p0/session_1,submitted,first15
delay_human_k0_first15,15,0,26,221013,/scratch/marzii/imitation_runs/demos/harder_vs_easier/record_lander_vanish/demos/human/vanish_p0/session_1,submitted,first15
delay_human_k0_first15,15,0,27,221014,/scratch/marzii/imitation_runs/demos/harder_vs_easier/record_lander_vanish/demos/human/vanish_p0/session_1,submitted,first15
delay_human_k0_first15,15,0,28,221015,/scratch/marzii/imitation_runs/demos/harder_vs_easier/record_lander_vanish/demos/human/vanish_p0/session_1,submitted,first15
delay_human_k0_first15,15,0,29,221016,/scratch/marzii/imitation_runs/demos/harder_vs_easier/record_lander_vanish/demos/human/vanish_p0/session_1,submitted,first15
delay_human_k5_first15,15,5,0,221017,/scratch/marzii/imitation_runs/demos/harder_vs_easier/record_delay/demos/human/delay_k5/session_1,submitted,first15
delay_human_k5_first15,15,5,1,221018,/scratch/marzii/imitation_runs/demos/harder_vs_easier/record_delay/demos/human/delay_k5/session_1,submitted,first15
delay_human_k5_first15,15,5,2,221019,/scratch/marzii/imitation_runs/demos/harder_vs_easier/record_delay/demos/human/delay_k5/session_1,submitted,first15
delay_human_k5_first15,15,5,3,221020,/scratch/marzii/imitation_runs/demos/harder_vs_easier/record_delay/demos/human/delay_k5/session_1,submitted,first15
delay_human_k5_first15,15,5,4,221021,/scratch/marzii/imitation_runs/demos/harder_vs_easier/record_delay/demos/human/delay_k5/session_1,submitted,first15
delay_human_k5_first15,15,5,5,221022,/scratch/marzii/imitation_runs/demos/harder_vs_easier/record_delay/demos/human/delay_k5/session_1,submitted,first15
delay_human_k5_first15,15,5,6,221023,/scratch/marzii/imitation_runs/demos/harder_vs_easier/record_delay/demos/human/delay_k5/session_1,submitted,first15
delay_human_k5_first15,15,5,7,221024,/scratch/marzii/imitation_runs/demos/harder_vs_easier/record_delay/demos/human/delay_k5/session_1,submitted,first15
delay_human_k5_first15,15,5,8,221025,/scratch/marzii/imitation_runs/demos/harder_vs_easier/record_delay/demos/human/delay_k5/session_1,submitted,first15
delay_human_k5_first15,15,5,9,221026,/scratch/marzii/imitation_runs/demos/harder_vs_easier/record_delay/demos/human/delay_k5/session_1,submitted,first15
delay_human_k5_first15,15,5,10,221027,/scratch/marzii/imitation_runs/demos/harder_vs_easier/record_delay/demos/human/delay_k5/session_1,submitted,first15
delay_human_k5_first15,15,5,11,221028,/scratch/marzii/imitation_runs/demos/harder_vs_easier/record_delay/demos/human/delay_k5/session_1,submitted,first15
delay_human_k5_first15,15,5,12,221029,/scratch/marzii/imitation_runs/demos/harder_vs_easier/record_delay/demos/human/delay_k5/session_1,submitted,first15
delay_human_k5_first15,15,5,13,221030,/scratch/marzii/imitation_runs/demos/harder_vs_easier/record_delay/demos/human/delay_k5/session_1,submitted,first15
delay_human_k5_first15,15,5,14,221031,/scratch/marzii/imitation_runs/demos/harder_vs_easier/record_delay/demos/human/delay_k5/session_1,submitted,first15
delay_human_k5_first15,15,5,15,221032,/scratch/marzii/imitation_runs/demos/harder_vs_easier/record_delay/demos/human/delay_k5/session_1,submitted,first15
delay_human_k5_first15,15,5,16,221033,/scratch/marzii/imitation_runs/demos/harder_vs_easier/record_delay/demos/human/delay_k5/session_1,submitted,first15
delay_human_k5_first15,15,5,17,221034,/scratch/marzii/imitation_runs/demos/harder_vs_easier/record_delay/demos/human/delay_k5/session_1,submitted,first15
delay_human_k5_first15,15,5,18,221035,/scratch/marzii/imitation_runs/demos/harder_vs_easier/record_delay/demos/human/delay_k5/session_1,submitted,first15
delay_human_k5_first15,15,5,19,221036,/scratch/marzii/imitation_runs/demos/harder_vs_easier/record_delay/demos/human/delay_k5/session_1,submitted,first15
delay_human_k5_first15,15,5,20,221037,/scratch/marzii/imitation_runs/demos/harder_vs_easier/record_delay/demos/human/delay_k5/session_1,submitted,first15
delay_human_k5_first15,15,5,21,221038,/scratch/marzii/imitation_runs/demos/harder_vs_easier/record_delay/demos/human/delay_k5/session_1,submitted,first15
delay_human_k5_first15,15,5,22,221039,/scratch/marzii/imitation_runs/demos/harder_vs_easier/record_delay/demos/human/delay_k5/session_1,submitted,first15
delay_human_k5_first15,15,5,23,221040,/scratch/marzii/imitation_runs/demos/harder_vs_easier/record_delay/demos/human/delay_k5/session_1,submitted,first15
delay_human_k5_first15,15,5,24,221041,/scratch/marzii/imitation_runs/demos/harder_vs_easier/record_delay/demos/human/delay_k5/session_1,submitted,first15
delay_human_k5_first15,15,5,25,221042,/scratch/marzii/imitation_runs/demos/harder_vs_easier/record_delay/demos/human/delay_k5/session_1,submitted,first15
delay_human_k5_first15,15,5,26,221043,/scratch/marzii/imitation_runs/demos/harder_vs_easier/record_delay/demos/human/delay_k5/session_1,submitted,first15
delay_human_k5_first15,15,5,27,221044,/scratch/marzii/imitation_runs/demos/harder_vs_easier/record_delay/demos/human/delay_k5/session_1,submitted,first15
delay_human_k5_first15,15,5,28,221045,/scratch/marzii/imitation_runs/demos/harder_vs_easier/record_delay/demos/human/delay_k5/session_1,submitted,first15
delay_human_k5_first15,15,5,29,221046,/scratch/marzii/imitation_runs/demos/harder_vs_easier/record_delay/demos/human/delay_k5/session_1,submitted,first15
delay_human_k10_first15,15,10,0,221047,/scratch/marzii/imitation_runs/demos/harder_vs_easier/record_delay/demos/human/delay_k10/session_1,submitted,first15
delay_human_k10_first15,15,10,1,221048,/scratch/marzii/imitation_runs/demos/harder_vs_easier/record_delay/demos/human/delay_k10/session_1,submitted,first15
delay_human_k10_first15,15,10,2,221049,/scratch/marzii/imitation_runs/demos/harder_vs_easier/record_delay/demos/human/delay_k10/session_1,submitted,first15
delay_human_k10_first15,15,10,3,221050,/scratch/marzii/imitation_runs/demos/harder_vs_easier/record_delay/demos/human/delay_k10/session_1,submitted,first15
delay_human_k10_first15,15,10,4,221051,/scratch/marzii/imitation_runs/demos/harder_vs_easier/record_delay/demos/human/delay_k10/session_1,submitted,first15
delay_human_k10_first15,15,10,5,221052,/scratch/marzii/imitation_runs/demos/harder_vs_easier/record_delay/demos/human/delay_k10/session_1,submitted,first15
delay_human_k10_first15,15,10,6,221053,/scratch/marzii/imitation_runs/demos/harder_vs_easier/record_delay/demos/human/delay_k10/session_1,submitted,first15
delay_human_k10_first15,15,10,7,221054,/scratch/marzii/imitation_runs/demos/harder_vs_easier/record_delay/demos/human/delay_k10/session_1,submitted,first15
delay_human_k10_first15,15,10,8,221055,/scratch/marzii/imitation_runs/demos/harder_vs_easier/record_delay/demos/human/delay_k10/session_1,submitted,first15
delay_human_k10_first15,15,10,9,221056,/scratch/marzii/imitation_runs/demos/harder_vs_easier/record_delay/demos/human/delay_k10/session_1,submitted,first15
delay_human_k10_first15,15,10,10,221057,/scratch/marzii/imitation_runs/demos/harder_vs_easier/record_delay/demos/human/delay_k10/session_1,submitted,first15
delay_human_k10_first15,15,10,11,221058,/scratch/marzii/imitation_runs/demos/harder_vs_easier/record_delay/demos/human/delay_k10/session_1,submitted,first15
delay_human_k10_first15,15,10,12,221059,/scratch/marzii/imitation_runs/demos/harder_vs_easier/record_delay/demos/human/delay_k10/session_1,submitted,first15
delay_human_k10_first15,15,10,13,221060,/scratch/marzii/imitation_runs/demos/harder_vs_easier/record_delay/demos/human/delay_k10/session_1,submitted,first15
delay_human_k10_first15,15,10,14,221061,/scratch/marzii/imitation_runs/demos/harder_vs_easier/record_delay/demos/human/delay_k10/session_1,submitted,first15
delay_human_k10_first15,15,10,15,221062,/scratch/marzii/imitation_runs/demos/harder_vs_easier/record_delay/demos/human/delay_k10/session_1,submitted,first15
delay_human_k10_first15,15,10,16,221063,/scratch/marzii/imitation_runs/demos/harder_vs_easier/record_delay/demos/human/delay_k10/session_1,submitted,first15
delay_human_k10_first15,15,10,17,221064,/scratch/marzii/imitation_runs/demos/harder_vs_easier/record_delay/demos/human/delay_k10/session_1,submitted,first15
delay_human_k10_first15,15,10,18,221065,/scratch/marzii/imitation_runs/demos/harder_vs_easier/record_delay/demos/human/delay_k10/session_1,submitted,first15
delay_human_k10_first15,15,10,19,221066,/scratch/marzii/imitation_runs/demos/harder_vs_easier/record_delay/demos/human/delay_k10/session_1,submitted,first15
delay_human_k10_first15,15,10,20,221067,/scratch/marzii/imitation_runs/demos/harder_vs_easier/record_delay/demos/human/delay_k10/session_1,submitted,first15
delay_human_k10_first15,15,10,21,221068,/scratch/marzii/imitation_runs/demos/harder_vs_easier/record_delay/demos/human/delay_k10/session_1,submitted,first15
delay_human_k10_first15,15,10,22,221069,/scratch/marzii/imitation_runs/demos/harder_vs_easier/record_delay/demos/human/delay_k10/session_1,submitted,first15
delay_human_k10_first15,15,10,23,221070,/scratch/marzii/imitation_runs/demos/harder_vs_easier/record_delay/demos/human/delay_k10/session_1,submitted,first15
delay_human_k10_first15,15,10,24,221071,/scratch/marzii/imitation_runs/demos/harder_vs_easier/record_delay/demos/human/delay_k10/session_1,submitted,first15
delay_human_k10_first15,15,10,25,221072,/scratch/marzii/imitation_runs/demos/harder_vs_easier/record_delay/demos/human/delay_k10/session_1,submitted,first15
delay_human_k10_first15,15,10,26,221073,/scratch/marzii/imitation_runs/demos/harder_vs_easier/record_delay/demos/human/delay_k10/session_1,submitted,first15
delay_human_k10_first15,15,10,27,221074,/scratch/marzii/imitation_runs/demos/harder_vs_easier/record_delay/demos/human/delay_k10/session_1,submitted,first15
delay_human_k10_first15,15,10,28,221075,/scratch/marzii/imitation_runs/demos/harder_vs_easier/record_delay/demos/human/delay_k10/session_1,submitted,first15
delay_human_k10_first15,15,10,29,221076,/scratch/marzii/imitation_runs/demos/harder_vs_easier/record_delay/demos/human/delay_k10/session_1,submitted,first15
delay_human_k0_all,28,0,0,221077,/scratch/marzii/imitation_runs/demos/harder_vs_easier/record_lander_vanish/demos/human/vanish_p0/session_1,submitted,all
delay_human_k0_all,28,0,1,221078,/scratch/marzii/imitation_runs/demos/harder_vs_easier/record_lander_vanish/demos/human/vanish_p0/session_1,submitted,all
delay_human_k0_all,28,0,2,221079,/scratch/marzii/imitation_runs/demos/harder_vs_easier/record_lander_vanish/demos/human/vanish_p0/session_1,submitted,all
delay_human_k0_all,28,0,3,221080,/scratch/marzii/imitation_runs/demos/harder_vs_easier/record_lander_vanish/demos/human/vanish_p0/session_1,submitted,all
delay_human_k0_all,28,0,4,221081,/scratch/marzii/imitation_runs/demos/harder_vs_easier/record_lander_vanish/demos/human/vanish_p0/session_1,submitted,all
delay_human_k0_all,28,0,5,221082,/scratch/marzii/imitation_runs/demos/harder_vs_easier/record_lander_vanish/demos/human/vanish_p0/session_1,submitted,all
delay_human_k0_all,28,0,6,221083,/scratch/marzii/imitation_runs/demos/harder_vs_easier/record_lander_vanish/demos/human/vanish_p0/session_1,submitted,all
delay_human_k0_all,28,0,7,221084,/scratch/marzii/imitation_runs/demos/harder_vs_easier/record_lander_vanish/demos/human/vanish_p0/session_1,submitted,all
delay_human_k0_all,28,0,8,221085,/scratch/marzii/imitation_runs/demos/harder_vs_easier/record_lander_vanish/demos/human/vanish_p0/session_1,submitted,all
delay_human_k0_all,28,0,9,221086,/scratch/marzii/imitation_runs/demos/harder_vs_easier/record_lander_vanish/demos/human/vanish_p0/session_1,submitted,all
delay_human_k0_all,28,0,10,221087,/scratch/marzii/imitation_runs/demos/harder_vs_easier/record_lander_vanish/demos/human/vanish_p0/session_1,submitted,all
delay_human_k0_all,28,0,11,221088,/scratch/marzii/imitation_runs/demos/harder_vs_easier/record_lander_vanish/demos/human/vanish_p0/session_1,submitted,all
delay_human_k0_all,28,0,12,221089,/scratch/marzii/imitation_runs/demos/harder_vs_easier/record_lander_vanish/demos/human/vanish_p0/session_1,submitted,all
delay_human_k0_all,28,0,13,221090,/scratch/marzii/imitation_runs/demos/harder_vs_easier/record_lander_vanish/demos/human/vanish_p0/session_1,submitted,all
delay_human_k0_all,28,0,14,221091,/scratch/marzii/imitation_runs/demos/harder_vs_easier/record_lander_vanish/demos/human/vanish_p0/session_1,submitted,all
delay_human_k0_all,28,0,15,221092,/scratch/marzii/imitation_runs/demos/harder_vs_easier/record_lander_vanish/demos/human/vanish_p0/session_1,submitted,all
delay_human_k0_all,28,0,16,221093,/scratch/marzii/imitation_runs/demos/harder_vs_easier/record_lander_vanish/demos/human/vanish_p0/session_1,submitted,all
delay_human_k0_all,28,0,17,221094,/scratch/marzii/imitation_runs/demos/harder_vs_easier/record_lander_vanish/demos/human/vanish_p0/session_1,submitted,all
delay_human_k0_all,28,0,18,221095,/scratch/marzii/imitation_runs/demos/harder_vs_easier/record_lander_vanish/demos/human/vanish_p0/session_1,submitted,all
delay_human_k0_all,28,0,19,221096,/scratch/marzii/imitation_runs/demos/harder_vs_easier/record_lander_vanish/demos/human/vanish_p0/session_1,submitted,all
delay_human_k0_all,28,0,20,221097,/scratch/marzii/imitation_runs/demos/harder_vs_easier/record_lander_vanish/demos/human/vanish_p0/session_1,submitted,all
delay_human_k0_all,28,0,21,221098,/scratch/marzii/imitation_runs/demos/harder_vs_easier/record_lander_vanish/demos/human/vanish_p0/session_1,submitted,all
delay_human_k0_all,28,0,22,221099,/scratch/marzii/imitation_runs/demos/harder_vs_easier/record_lander_vanish/demos/human/vanish_p0/session_1,submitted,all
delay_human_k0_all,28,0,23,221100,/scratch/marzii/imitation_runs/demos/harder_vs_easier/record_lander_vanish/demos/human/vanish_p0/session_1,submitted,all
delay_human_k0_all,28,0,24,221101,/scratch/marzii/imitation_runs/demos/harder_vs_easier/record_lander_vanish/demos/human/vanish_p0/session_1,submitted,all
delay_human_k0_all,28,0,25,221102,/scratch/marzii/imitation_runs/demos/harder_vs_easier/record_lander_vanish/demos/human/vanish_p0/session_1,submitted,all
delay_human_k0_all,28,0,26,221103,/scratch/marzii/imitation_runs/demos/harder_vs_easier/record_lander_vanish/demos/human/vanish_p0/session_1,submitted,all
delay_human_k0_all,28,0,27,221104,/scratch/marzii/imitation_runs/demos/harder_vs_easier/record_lander_vanish/demos/human/vanish_p0/session_1,submitted,all
delay_human_k0_all,28,0,28,221105,/scratch/marzii/imitation_runs/demos/harder_vs_easier/record_lander_vanish/demos/human/vanish_p0/session_1,submitted,all
delay_human_k0_all,28,0,29,221106,/scratch/marzii/imitation_runs/demos/harder_vs_easier/record_lander_vanish/demos/human/vanish_p0/session_1,submitted,all
delay_human_k5_all,52,5,0,221107,/scratch/marzii/imitation_runs/demos/harder_vs_easier/record_delay/demos/human/delay_k5/session_1,submitted,all
delay_human_k5_all,52,5,1,221108,/scratch/marzii/imitation_runs/demos/harder_vs_easier/record_delay/demos/human/delay_k5/session_1,submitted,all
delay_human_k5_all,52,5,2,221109,/scratch/marzii/imitation_runs/demos/harder_vs_easier/record_delay/demos/human/delay_k5/session_1,submitted,all
delay_human_k5_all,52,5,3,221110,/scratch/marzii/imitation_runs/demos/harder_vs_easier/record_delay/demos/human/delay_k5/session_1,submitted,all
delay_human_k5_all,52,5,4,221111,/scratch/marzii/imitation_runs/demos/harder_vs_easier/record_delay/demos/human/delay_k5/session_1,submitted,all
delay_human_k5_all,52,5,5,221112,/scratch/marzii/imitation_runs/demos/harder_vs_easier/record_delay/demos/human/delay_k5/session_1,submitted,all
delay_human_k5_all,52,5,6,221113,/scratch/marzii/imitation_runs/demos/harder_vs_easier/record_delay/demos/human/delay_k5/session_1,submitted,all
delay_human_k5_all,52,5,7,221114,/scratch/marzii/imitation_runs/demos/harder_vs_easier/record_delay/demos/human/delay_k5/session_1,submitted,all
delay_human_k5_all,52,5,8,221115,/scratch/marzii/imitation_runs/demos/harder_vs_easier/record_delay/demos/human/delay_k5/session_1,submitted,all
delay_human_k5_all,52,5,9,221116,/scratch/marzii/imitation_runs/demos/harder_vs_easier/record_delay/demos/human/delay_k5/session_1,submitted,all
delay_human_k5_all,52,5,10,221117,/scratch/marzii/imitation_runs/demos/harder_vs_easier/record_delay/demos/human/delay_k5/session_1,submitted,all
delay_human_k5_all,52,5,11,221118,/scratch/marzii/imitation_runs/demos/harder_vs_easier/record_delay/demos/human/delay_k5/session_1,submitted,all
delay_human_k5_all,52,5,12,221119,/scratch/marzii/imitation_runs/demos/harder_vs_easier/record_delay/demos/human/delay_k5/session_1,submitted,all
delay_human_k5_all,52,5,13,221120,/scratch/marzii/imitation_runs/demos/harder_vs_easier/record_delay/demos/human/delay_k5/session_1,submitted,all
delay_human_k5_all,52,5,14,221121,/scratch/marzii/imitation_runs/demos/harder_vs_easier/record_delay/demos/human/delay_k5/session_1,submitted,all
delay_human_k5_all,52,5,15,221122,/scratch/marzii/imitation_runs/demos/harder_vs_easier/record_delay/demos/human/delay_k5/session_1,submitted,all
delay_human_k5_all,52,5,16,221123,/scratch/marzii/imitation_runs/demos/harder_vs_easier/record_delay/demos/human/delay_k5/session_1,submitted,all
delay_human_k5_all,52,5,17,221124,/scratch/marzii/imitation_runs/demos/harder_vs_easier/record_delay/demos/human/delay_k5/session_1,submitted,all
delay_human_k5_all,52,5,18,221125,/scratch/marzii/imitation_runs/demos/harder_vs_easier/record_delay/demos/human/delay_k5/session_1,submitted,all
delay_human_k5_all,52,5,19,221126,/scratch/marzii/imitation_runs/demos/harder_vs_easier/record_delay/demos/human/delay_k5/session_1,submitted,all
delay_human_k5_all,52,5,20,221127,/scratch/marzii/imitation_runs/demos/harder_vs_easier/record_delay/demos/human/delay_k5/session_1,submitted,all
delay_human_k5_all,52,5,21,221128,/scratch/marzii/imitation_runs/demos/harder_vs_easier/record_delay/demos/human/delay_k5/session_1,submitted,all
delay_human_k5_all,52,5,22,221129,/scratch/marzii/imitation_runs/demos/harder_vs_easier/record_delay/demos/human/delay_k5/session_1,submitted,all
delay_human_k5_all,52,5,23,221130,/scratch/marzii/imitation_runs/demos/harder_vs_easier/record_delay/demos/human/delay_k5/session_1,submitted,all
delay_human_k5_all,52,5,24,221131,/scratch/marzii/imitation_runs/demos/harder_vs_easier/record_delay/demos/human/delay_k5/session_1,submitted,all
delay_human_k5_all,52,5,25,221132,/scratch/marzii/imitation_runs/demos/harder_vs_easier/record_delay/demos/human/delay_k5/session_1,submitted,all
delay_human_k5_all,52,5,26,221133,/scratch/marzii/imitation_runs/demos/harder_vs_easier/record_delay/demos/human/delay_k5/session_1,submitted,all
delay_human_k5_all,52,5,27,221134,/scratch/marzii/imitation_runs/demos/harder_vs_easier/record_delay/demos/human/delay_k5/session_1,submitted,all
delay_human_k5_all,52,5,28,221135,/scratch/marzii/imitation_runs/demos/harder_vs_easier/record_delay/demos/human/delay_k5/session_1,submitted,all
delay_human_k5_all,52,5,29,221136,/scratch/marzii/imitation_runs/demos/harder_vs_easier/record_delay/demos/human/delay_k5/session_1,submitted,all
delay_human_k10_all,90,10,0,221137,/scratch/marzii/imitation_runs/demos/harder_vs_easier/record_delay/demos/human/delay_k10/session_1,submitted,all
delay_human_k10_all,90,10,1,221138,/scratch/marzii/imitation_runs/demos/harder_vs_easier/record_delay/demos/human/delay_k10/session_1,submitted,all
delay_human_k10_all,90,10,2,221139,/scratch/marzii/imitation_runs/demos/harder_vs_easier/record_delay/demos/human/delay_k10/session_1,submitted,all
delay_human_k10_all,90,10,3,221140,/scratch/marzii/imitation_runs/demos/harder_vs_easier/record_delay/demos/human/delay_k10/session_1,submitted,all
delay_human_k10_all,90,10,4,221141,/scratch/marzii/imitation_runs/demos/harder_vs_easier/record_delay/demos/human/delay_k10/session_1,submitted,all
delay_human_k10_all,90,10,5,221142,/scratch/marzii/imitation_runs/demos/harder_vs_easier/record_delay/demos/human/delay_k10/session_1,submitted,all
delay_human_k10_all,90,10,6,221143,/scratch/marzii/imitation_runs/demos/harder_vs_easier/record_delay/demos/human/delay_k10/session_1,submitted,all
delay_human_k10_all,90,10,7,221144,/scratch/marzii/imitation_runs/demos/harder_vs_easier/record_delay/demos/human/delay_k10/session_1,submitted,all
delay_human_k10_all,90,10,8,221145,/scratch/marzii/imitation_runs/demos/harder_vs_easier/record_delay/demos/human/delay_k10/session_1,submitted,all
delay_human_k10_all,90,10,9,221146,/scratch/marzii/imitation_runs/demos/harder_vs_easier/record_delay/demos/human/delay_k10/session_1,submitted,all
delay_human_k10_all,90,10,10,221147,/scratch/marzii/imitation_runs/demos/harder_vs_easier/record_delay/demos/human/delay_k10/session_1,submitted,all
delay_human_k10_all,90,10,11,221148,/scratch/marzii/imitation_runs/demos/harder_vs_easier/record_delay/demos/human/delay_k10/session_1,submitted,all
delay_human_k10_all,90,10,12,221149,/scratch/marzii/imitation_runs/demos/harder_vs_easier/record_delay/demos/human/delay_k10/session_1,submitted,all
delay_human_k10_all,90,10,13,221150,/scratch/marzii/imitation_runs/demos/harder_vs_easier/record_delay/demos/human/delay_k10/session_1,submitted,all
delay_human_k10_all,90,10,14,221151,/scratch/marzii/imitation_runs/demos/harder_vs_easier/record_delay/demos/human/delay_k10/session_1,submitted,all
delay_human_k10_all,90,10,15,221152,/scratch/marzii/imitation_runs/demos/harder_vs_easier/record_delay/demos/human/delay_k10/session_1,submitted,all
delay_human_k10_all,90,10,16,221153,/scratch/marzii/imitation_runs/demos/harder_vs_easier/record_delay/demos/human/delay_k10/session_1,submitted,all
delay_human_k10_all,90,10,17,221154,/scratch/marzii/imitation_runs/demos/harder_vs_easier/record_delay/demos/human/delay_k10/session_1,submitted,all
delay_human_k10_all,90,10,18,221155,/scratch/marzii/imitation_runs/demos/harder_vs_easier/record_delay/demos/human/delay_k10/session_1,submitted,all
delay_human_k10_all,90,10,19,221156,/scratch/marzii/imitation_runs/demos/harder_vs_easier/record_delay/demos/human/delay_k10/session_1,submitted,all
delay_human_k10_all,90,10,20,221157,/scratch/marzii/imitation_runs/demos/harder_vs_easier/record_delay/demos/human/delay_k10/session_1,submitted,all
delay_human_k10_all,90,10,21,221158,/scratch/marzii/imitation_runs/demos/harder_vs_easier/record_delay/demos/human/delay_k10/session_1,submitted,all
delay_human_k10_all,90,10,22,221159,/scratch/marzii/imitation_runs/demos/harder_vs_easier/record_delay/demos/human/delay_k10/session_1,submitted,all
delay_human_k10_all,90,10,23,221160,/scratch/marzii/imitation_runs/demos/harder_vs_easier/record_delay/demos/human/delay_k10/session_1,submitted,all
delay_human_k10_all,90,10,24,221161,/scratch/marzii/imitation_runs/demos/harder_vs_easier/record_delay/demos/human/delay_k10/session_1,submitted,all
delay_human_k10_all,90,10,25,221162,/scratch/marzii/imitation_runs/demos/harder_vs_easier/record_delay/demos/human/delay_k10/session_1,submitted,all
delay_human_k10_all,90,10,26,221163,/scratch/marzii/imitation_runs/demos/harder_vs_easier/record_delay/demos/human/delay_k10/session_1,submitted,all
delay_human_k10_all,90,10,27,221164,/scratch/marzii/imitation_runs/demos/harder_vs_easier/record_delay/demos/human/delay_k10/session_1,submitted,all
delay_human_k10_all,90,10,28,221165,/scratch/marzii/imitation_runs/demos/harder_vs_easier/record_delay/demos/human/delay_k10/session_1,submitted,all
delay_human_k10_all,90,10,29,221166,/scratch/marzii/imitation_runs/demos/harder_vs_easier/record_delay/demos/human/delay_k10/session_1,submitted,all
