condition_id,mode,N,noise_pct,seed,slurm_job_id,demo_path,status
coin_exclude_noise10,coin_exclude,5,10,0,5647227,/scratch/marzii/imitation_runs/noise_variants/demos/coin_exclude/n100_p10_s0,submitted
coin_exclude_noise10,coin_exclude,5,10,1,5647228,/scratch/marzii/imitation_runs/noise_variants/demos/coin_exclude/n100_p10_s1,submitted
coin_exclude_noise10,coin_exclude,5,10,2,5647229,/scratch/marzii/imitation_runs/noise_variants/demos/coin_exclude/n100_p10_s2,submitted
coin_exclude_noise10,coin_exclude,5,10,3,5647230,/scratch/marzii/imitation_runs/noise_variants/demos/coin_exclude/n100_p10_s3,submitted
coin_exclude_noise10,coin_exclude,5,10,4,5647231,/scratch/marzii/imitation_runs/noise_variants/demos/coin_exclude/n100_p10_s4,submitted
coin_exclude_noise10,coin_exclude,5,10,5,5647232,/scratch/marzii/imitation_runs/noise_variants/demos/coin_exclude/n100_p10_s5,submitted
coin_exclude_noise10,coin_exclude,5,10,6,5647233,/scratch/marzii/imitation_runs/noise_variants/demos/coin_exclude/n100_p10_s6,submitted
coin_exclude_noise10,coin_exclude,5,10,7,5647234,/scratch/marzii/imitation_runs/noise_variants/demos/coin_exclude/n100_p10_s7,submitted
coin_exclude_noise10,coin_exclude,5,10,8,5647235,/scratch/marzii/imitation_runs/noise_variants/demos/coin_exclude/n100_p10_s8,submitted
coin_exclude_noise10,coin_exclude,5,10,9,5647236,/scratch/marzii/imitation_runs/noise_variants/demos/coin_exclude/n100_p10_s9,submitted
coin_exclude_noise20,coin_exclude,5,20,0,5647237,/scratch/marzii/imitation_runs/noise_variants/demos/coin_exclude/n100_p20_s0,submitted
coin_exclude_noise20,coin_exclude,5,20,1,5647238,/scratch/marzii/imitation_runs/noise_variants/demos/coin_exclude/n100_p20_s1,submitted
coin_exclude_noise20,coin_exclude,5,20,2,5647239,/scratch/marzii/imitation_runs/noise_variants/demos/coin_exclude/n100_p20_s2,submitted
coin_exclude_noise20,coin_exclude,5,20,3,5647240,/scratch/marzii/imitation_runs/noise_variants/demos/coin_exclude/n100_p20_s3,submitted
coin_exclude_noise20,coin_exclude,5,20,4,5647241,/scratch/marzii/imitation_runs/noise_variants/demos/coin_exclude/n100_p20_s4,submitted
coin_exclude_noise20,coin_exclude,5,20,5,5647242,/scratch/marzii/imitation_runs/noise_variants/demos/coin_exclude/n100_p20_s5,submitted
coin_exclude_noise20,coin_exclude,5,20,6,5647243,/scratch/marzii/imitation_runs/noise_variants/demos/coin_exclude/n100_p20_s6,submitted
coin_exclude_noise20,coin_exclude,5,20,7,5647244,/scratch/marzii/imitation_runs/noise_variants/demos/coin_exclude/n100_p20_s7,submitted
coin_exclude_noise20,coin_exclude,5,20,8,5647245,/scratch/marzii/imitation_runs/noise_variants/demos/coin_exclude/n100_p20_s8,submitted
coin_exclude_noise20,coin_exclude,5,20,9,5647246,/scratch/marzii/imitation_runs/noise_variants/demos/coin_exclude/n100_p20_s9,submitted
coin_exclude_noise30,coin_exclude,5,30,0,5647247,/scratch/marzii/imitation_runs/noise_variants/demos/coin_exclude/n100_p30_s0,submitted
coin_exclude_noise30,coin_exclude,5,30,1,5647248,/scratch/marzii/imitation_runs/noise_variants/demos/coin_exclude/n100_p30_s1,submitted
coin_exclude_noise30,coin_exclude,5,30,2,5647249,/scratch/marzii/imitation_runs/noise_variants/demos/coin_exclude/n100_p30_s2,submitted
coin_exclude_noise30,coin_exclude,5,30,3,5647250,/scratch/marzii/imitation_runs/noise_variants/demos/coin_exclude/n100_p30_s3,submitted
coin_exclude_noise30,coin_exclude,5,30,4,5647251,/scratch/marzii/imitation_runs/noise_variants/demos/coin_exclude/n100_p30_s4,submitted
coin_exclude_noise30,coin_exclude,5,30,5,5647252,/scratch/marzii/imitation_runs/noise_variants/demos/coin_exclude/n100_p30_s5,submitted
coin_exclude_noise30,coin_exclude,5,30,6,5647253,/scratch/marzii/imitation_runs/noise_variants/demos/coin_exclude/n100_p30_s6,submitted
coin_exclude_noise30,coin_exclude,5,30,7,5647254,/scratch/marzii/imitation_runs/noise_variants/demos/coin_exclude/n100_p30_s7,submitted
coin_exclude_noise30,coin_exclude,5,30,8,5647255,/scratch/marzii/imitation_runs/noise_variants/demos/coin_exclude/n100_p30_s8,submitted
coin_exclude_noise30,coin_exclude,5,30,9,5647256,/scratch/marzii/imitation_runs/noise_variants/demos/coin_exclude/n100_p30_s9,submitted
coin_exclude_noise40,coin_exclude,5,40,0,5647257,/scratch/marzii/imitation_runs/noise_variants/demos/coin_exclude/n100_p40_s0,submitted
coin_exclude_noise40,coin_exclude,5,40,1,5647258,/scratch/marzii/imitation_runs/noise_variants/demos/coin_exclude/n100_p40_s1,submitted
coin_exclude_noise40,coin_exclude,5,40,2,5647259,/scratch/marzii/imitation_runs/noise_variants/demos/coin_exclude/n100_p40_s2,submitted
coin_exclude_noise40,coin_exclude,5,40,3,5647260,/scratch/marzii/imitation_runs/noise_variants/demos/coin_exclude/n100_p40_s3,submitted
coin_exclude_noise40,coin_exclude,5,40,4,5647261,/scratch/marzii/imitation_runs/noise_variants/demos/coin_exclude/n100_p40_s4,submitted
coin_exclude_noise40,coin_exclude,5,40,5,5647262,/scratch/marzii/imitation_runs/noise_variants/demos/coin_exclude/n100_p40_s5,submitted
coin_exclude_noise40,coin_exclude,5,40,6,5647263,/scratch/marzii/imitation_runs/noise_variants/demos/coin_exclude/n100_p40_s6,submitted
coin_exclude_noise40,coin_exclude,5,40,7,5647264,/scratch/marzii/imitation_runs/noise_variants/demos/coin_exclude/n100_p40_s7,submitted
coin_exclude_noise40,coin_exclude,5,40,8,5647265,/scratch/marzii/imitation_runs/noise_variants/demos/coin_exclude/n100_p40_s8,submitted
coin_exclude_noise40,coin_exclude,5,40,9,5647266,/scratch/marzii/imitation_runs/noise_variants/demos/coin_exclude/n100_p40_s9,submitted
coin_exclude_noise50,coin_exclude,5,50,0,5647267,/scratch/marzii/imitation_runs/noise_variants/demos/coin_exclude/n100_p50_s0,submitted
coin_exclude_noise50,coin_exclude,5,50,1,5647268,/scratch/marzii/imitation_runs/noise_variants/demos/coin_exclude/n100_p50_s1,submitted
coin_exclude_noise50,coin_exclude,5,50,2,5647269,/scratch/marzii/imitation_runs/noise_variants/demos/coin_exclude/n100_p50_s2,submitted
coin_exclude_noise50,coin_exclude,5,50,3,5647270,/scratch/marzii/imitation_runs/noise_variants/demos/coin_exclude/n100_p50_s3,submitted
coin_exclude_noise50,coin_exclude,5,50,4,5647271,/scratch/marzii/imitation_runs/noise_variants/demos/coin_exclude/n100_p50_s4,submitted
coin_exclude_noise50,coin_exclude,5,50,5,5647272,/scratch/marzii/imitation_runs/noise_variants/demos/coin_exclude/n100_p50_s5,submitted
coin_exclude_noise50,coin_exclude,5,50,6,5647273,/scratch/marzii/imitation_runs/noise_variants/demos/coin_exclude/n100_p50_s6,submitted
coin_exclude_noise50,coin_exclude,5,50,7,5647274,/scratch/marzii/imitation_runs/noise_variants/demos/coin_exclude/n100_p50_s7,submitted
coin_exclude_noise50,coin_exclude,5,50,8,5647275,/scratch/marzii/imitation_runs/noise_variants/demos/coin_exclude/n100_p50_s8,submitted
coin_exclude_noise50,coin_exclude,5,50,9,5647276,/scratch/marzii/imitation_runs/noise_variants/demos/coin_exclude/n100_p50_s9,submitted
coin_exclude_noise60,coin_exclude,5,60,0,5647277,/scratch/marzii/imitation_runs/noise_variants/demos/coin_exclude/n100_p60_s0,submitted
coin_exclude_noise60,coin_exclude,5,60,1,5647278,/scratch/marzii/imitation_runs/noise_variants/demos/coin_exclude/n100_p60_s1,submitted
coin_exclude_noise60,coin_exclude,5,60,2,5647279,/scratch/marzii/imitation_runs/noise_variants/demos/coin_exclude/n100_p60_s2,submitted
coin_exclude_noise60,coin_exclude,5,60,3,5647280,/scratch/marzii/imitation_runs/noise_variants/demos/coin_exclude/n100_p60_s3,submitted
coin_exclude_noise60,coin_exclude,5,60,4,5647281,/scratch/marzii/imitation_runs/noise_variants/demos/coin_exclude/n100_p60_s4,submitted
coin_exclude_noise60,coin_exclude,5,60,5,5647282,/scratch/marzii/imitation_runs/noise_variants/demos/coin_exclude/n100_p60_s5,submitted
coin_exclude_noise60,coin_exclude,5,60,6,5647283,/scratch/marzii/imitation_runs/noise_variants/demos/coin_exclude/n100_p60_s6,submitted
coin_exclude_noise60,coin_exclude,5,60,7,5647284,/scratch/marzii/imitation_runs/noise_variants/demos/coin_exclude/n100_p60_s7,submitted
coin_exclude_noise60,coin_exclude,5,60,8,5647285,/scratch/marzii/imitation_runs/noise_variants/demos/coin_exclude/n100_p60_s8,submitted
coin_exclude_noise60,coin_exclude,5,60,9,5647286,/scratch/marzii/imitation_runs/noise_variants/demos/coin_exclude/n100_p60_s9,submitted
coin_exclude_noise70,coin_exclude,5,70,0,5647287,/scratch/marzii/imitation_runs/noise_variants/demos/coin_exclude/n100_p70_s0,submitted
coin_exclude_noise70,coin_exclude,5,70,1,5647288,/scratch/marzii/imitation_runs/noise_variants/demos/coin_exclude/n100_p70_s1,submitted
coin_exclude_noise70,coin_exclude,5,70,2,5647289,/scratch/marzii/imitation_runs/noise_variants/demos/coin_exclude/n100_p70_s2,submitted
coin_exclude_noise70,coin_exclude,5,70,3,5647290,/scratch/marzii/imitation_runs/noise_variants/demos/coin_exclude/n100_p70_s3,submitted
coin_exclude_noise70,coin_exclude,5,70,4,5647291,/scratch/marzii/imitation_runs/noise_variants/demos/coin_exclude/n100_p70_s4,submitted
coin_exclude_noise70,coin_exclude,5,70,5,5647292,/scratch/marzii/imitation_runs/noise_variants/demos/coin_exclude/n100_p70_s5,submitted
coin_exclude_noise70,coin_exclude,5,70,6,5647293,/scratch/marzii/imitation_runs/noise_variants/demos/coin_exclude/n100_p70_s6,submitted
coin_exclude_noise70,coin_exclude,5,70,7,5647294,/scratch/marzii/imitation_runs/noise_variants/demos/coin_exclude/n100_p70_s7,submitted
coin_exclude_noise70,coin_exclude,5,70,8,5647295,/scratch/marzii/imitation_runs/noise_variants/demos/coin_exclude/n100_p70_s8,submitted
coin_exclude_noise70,coin_exclude,5,70,9,5647296,/scratch/marzii/imitation_runs/noise_variants/demos/coin_exclude/n100_p70_s9,submitted
coin_exclude_noise80,coin_exclude,5,80,0,5647297,/scratch/marzii/imitation_runs/noise_variants/demos/coin_exclude/n100_p80_s0,submitted
coin_exclude_noise80,coin_exclude,5,80,1,5647298,/scratch/marzii/imitation_runs/noise_variants/demos/coin_exclude/n100_p80_s1,submitted
coin_exclude_noise80,coin_exclude,5,80,2,5647299,/scratch/marzii/imitation_runs/noise_variants/demos/coin_exclude/n100_p80_s2,submitted
coin_exclude_noise80,coin_exclude,5,80,3,5647300,/scratch/marzii/imitation_runs/noise_variants/demos/coin_exclude/n100_p80_s3,submitted
coin_exclude_noise80,coin_exclude,5,80,4,5647301,/scratch/marzii/imitation_runs/noise_variants/demos/coin_exclude/n100_p80_s4,submitted
coin_exclude_noise80,coin_exclude,5,80,5,5647302,/scratch/marzii/imitation_runs/noise_variants/demos/coin_exclude/n100_p80_s5,submitted
coin_exclude_noise80,coin_exclude,5,80,6,5647303,/scratch/marzii/imitation_runs/noise_variants/demos/coin_exclude/n100_p80_s6,submitted
coin_exclude_noise80,coin_exclude,5,80,7,5647304,/scratch/marzii/imitation_runs/noise_variants/demos/coin_exclude/n100_p80_s7,submitted
coin_exclude_noise80,coin_exclude,5,80,8,5647305,/scratch/marzii/imitation_runs/noise_variants/demos/coin_exclude/n100_p80_s8,submitted
coin_exclude_noise80,coin_exclude,5,80,9,5647306,/scratch/marzii/imitation_runs/noise_variants/demos/coin_exclude/n100_p80_s9,submitted
coin_exclude_noise90,coin_exclude,5,90,0,5647307,/scratch/marzii/imitation_runs/noise_variants/demos/coin_exclude/n100_p90_s0,submitted
coin_exclude_noise90,coin_exclude,5,90,1,5647308,/scratch/marzii/imitation_runs/noise_variants/demos/coin_exclude/n100_p90_s1,submitted
coin_exclude_noise90,coin_exclude,5,90,2,5647309,/scratch/marzii/imitation_runs/noise_variants/demos/coin_exclude/n100_p90_s2,submitted
coin_exclude_noise90,coin_exclude,5,90,3,5647310,/scratch/marzii/imitation_runs/noise_variants/demos/coin_exclude/n100_p90_s3,submitted
coin_exclude_noise90,coin_exclude,5,90,4,5647311,/scratch/marzii/imitation_runs/noise_variants/demos/coin_exclude/n100_p90_s4,submitted
coin_exclude_noise90,coin_exclude,5,90,5,5647312,/scratch/marzii/imitation_runs/noise_variants/demos/coin_exclude/n100_p90_s5,submitted
coin_exclude_noise90,coin_exclude,5,90,6,5647313,/scratch/marzii/imitation_runs/noise_variants/demos/coin_exclude/n100_p90_s6,submitted
coin_exclude_noise90,coin_exclude,5,90,7,5647314,/scratch/marzii/imitation_runs/noise_variants/demos/coin_exclude/n100_p90_s7,submitted
coin_exclude_noise90,coin_exclude,5,90,8,5647315,/scratch/marzii/imitation_runs/noise_variants/demos/coin_exclude/n100_p90_s8,submitted
coin_exclude_noise90,coin_exclude,5,90,9,5647316,/scratch/marzii/imitation_runs/noise_variants/demos/coin_exclude/n100_p90_s9,submitted
coin_exclude_noise100,coin_exclude,5,100,0,5647317,/scratch/marzii/imitation_runs/noise_variants/demos/coin_exclude/n100_p100_s0,submitted
coin_exclude_noise100,coin_exclude,5,100,1,5647318,/scratch/marzii/imitation_runs/noise_variants/demos/coin_exclude/n100_p100_s1,submitted
coin_exclude_noise100,coin_exclude,5,100,2,5647319,/scratch/marzii/imitation_runs/noise_variants/demos/coin_exclude/n100_p100_s2,submitted
coin_exclude_noise100,coin_exclude,5,100,3,5647320,/scratch/marzii/imitation_runs/noise_variants/demos/coin_exclude/n100_p100_s3,submitted
coin_exclude_noise100,coin_exclude,5,100,4,5647321,/scratch/marzii/imitation_runs/noise_variants/demos/coin_exclude/n100_p100_s4,submitted
coin_exclude_noise100,coin_exclude,5,100,5,5647322,/scratch/marzii/imitation_runs/noise_variants/demos/coin_exclude/n100_p100_s5,submitted
coin_exclude_noise100,coin_exclude,5,100,6,5647323,/scratch/marzii/imitation_runs/noise_variants/demos/coin_exclude/n100_p100_s6,submitted
coin_exclude_noise100,coin_exclude,5,100,7,5647324,/scratch/marzii/imitation_runs/noise_variants/demos/coin_exclude/n100_p100_s7,submitted
coin_exclude_noise100,coin_exclude,5,100,8,5647325,/scratch/marzii/imitation_runs/noise_variants/demos/coin_exclude/n100_p100_s8,submitted
coin_exclude_noise100,coin_exclude,5,100,9,5647326,/scratch/marzii/imitation_runs/noise_variants/demos/coin_exclude/n100_p100_s9,submitted
