arm,N,seed,kappa,batch,slurm_job_id,demo_path,status
fixed_gt200,1,0,1000,128,1154013,/scratch/marzii/imitation_runs/demos/human_baseline/record_human_demos/lunarlander/session_3_ext700_ret_gt200,submitted
fixed_gt200,1,1,1000,128,1154014,/scratch/marzii/imitation_runs/demos/human_baseline/record_human_demos/lunarlander/session_3_ext700_ret_gt200,submitted
fixed_gt200,1,2,1000,128,1154015,/scratch/marzii/imitation_runs/demos/human_baseline/record_human_demos/lunarlander/session_3_ext700_ret_gt200,submitted
fixed_gt200,1,3,1000,128,1154016,/scratch/marzii/imitation_runs/demos/human_baseline/record_human_demos/lunarlander/session_3_ext700_ret_gt200,submitted
fixed_gt200,1,4,1000,128,1154017,/scratch/marzii/imitation_runs/demos/human_baseline/record_human_demos/lunarlander/session_3_ext700_ret_gt200,submitted
fixed_gt200,1,5,1000,128,1154018,/scratch/marzii/imitation_runs/demos/human_baseline/record_human_demos/lunarlander/session_3_ext700_ret_gt200,submitted
fixed_gt200,1,6,1000,128,1154019,/scratch/marzii/imitation_runs/demos/human_baseline/record_human_demos/lunarlander/session_3_ext700_ret_gt200,submitted
fixed_gt200,1,7,1000,128,1154020,/scratch/marzii/imitation_runs/demos/human_baseline/record_human_demos/lunarlander/session_3_ext700_ret_gt200,submitted
fixed_gt200,1,8,1000,128,1154021,/scratch/marzii/imitation_runs/demos/human_baseline/record_human_demos/lunarlander/session_3_ext700_ret_gt200,submitted
fixed_gt200,1,9,1000,128,1154022,/scratch/marzii/imitation_runs/demos/human_baseline/record_human_demos/lunarlander/session_3_ext700_ret_gt200,submitted
fixed_gt200,5,0,1000,256,1154023,/scratch/marzii/imitation_runs/demos/human_baseline/record_human_demos/lunarlander/session_3_ext700_ret_gt200,submitted
fixed_gt200,5,1,1000,256,1154024,/scratch/marzii/imitation_runs/demos/human_baseline/record_human_demos/lunarlander/session_3_ext700_ret_gt200,submitted
fixed_gt200,5,2,1000,256,1154025,/scratch/marzii/imitation_runs/demos/human_baseline/record_human_demos/lunarlander/session_3_ext700_ret_gt200,submitted
fixed_gt200,5,3,1000,256,1154026,/scratch/marzii/imitation_runs/demos/human_baseline/record_human_demos/lunarlander/session_3_ext700_ret_gt200,submitted
fixed_gt200,5,4,1000,256,1154027,/scratch/marzii/imitation_runs/demos/human_baseline/record_human_demos/lunarlander/session_3_ext700_ret_gt200,submitted
fixed_gt200,5,5,1000,256,1154028,/scratch/marzii/imitation_runs/demos/human_baseline/record_human_demos/lunarlander/session_3_ext700_ret_gt200,submitted
fixed_gt200,5,6,1000,256,1154029,/scratch/marzii/imitation_runs/demos/human_baseline/record_human_demos/lunarlander/session_3_ext700_ret_gt200,submitted
fixed_gt200,5,7,1000,256,1154030,/scratch/marzii/imitation_runs/demos/human_baseline/record_human_demos/lunarlander/session_3_ext700_ret_gt200,submitted
fixed_gt200,5,8,1000,256,1154031,/scratch/marzii/imitation_runs/demos/human_baseline/record_human_demos/lunarlander/session_3_ext700_ret_gt200,submitted
fixed_gt200,5,9,1000,256,1154032,/scratch/marzii/imitation_runs/demos/human_baseline/record_human_demos/lunarlander/session_3_ext700_ret_gt200,submitted
fixed_gt200,10,0,1000,256,1154033,/scratch/marzii/imitation_runs/demos/human_baseline/record_human_demos/lunarlander/session_3_ext700_ret_gt200,submitted
fixed_gt200,10,1,1000,256,1154034,/scratch/marzii/imitation_runs/demos/human_baseline/record_human_demos/lunarlander/session_3_ext700_ret_gt200,submitted
fixed_gt200,10,2,1000,256,1154035,/scratch/marzii/imitation_runs/demos/human_baseline/record_human_demos/lunarlander/session_3_ext700_ret_gt200,submitted
fixed_gt200,10,3,1000,256,1154036,/scratch/marzii/imitation_runs/demos/human_baseline/record_human_demos/lunarlander/session_3_ext700_ret_gt200,submitted
fixed_gt200,10,4,1000,256,1154037,/scratch/marzii/imitation_runs/demos/human_baseline/record_human_demos/lunarlander/session_3_ext700_ret_gt200,submitted
fixed_gt200,10,5,1000,256,1154038,/scratch/marzii/imitation_runs/demos/human_baseline/record_human_demos/lunarlander/session_3_ext700_ret_gt200,submitted
fixed_gt200,10,6,1000,256,1154039,/scratch/marzii/imitation_runs/demos/human_baseline/record_human_demos/lunarlander/session_3_ext700_ret_gt200,submitted
fixed_gt200,10,7,1000,256,1154040,/scratch/marzii/imitation_runs/demos/human_baseline/record_human_demos/lunarlander/session_3_ext700_ret_gt200,submitted
fixed_gt200,10,8,1000,256,1154041,/scratch/marzii/imitation_runs/demos/human_baseline/record_human_demos/lunarlander/session_3_ext700_ret_gt200,submitted
fixed_gt200,10,9,1000,256,1154042,/scratch/marzii/imitation_runs/demos/human_baseline/record_human_demos/lunarlander/session_3_ext700_ret_gt200,submitted
fixed_gt200,50,0,1000,256,1154043,/scratch/marzii/imitation_runs/demos/human_baseline/record_human_demos/lunarlander/session_3_ext700_ret_gt200,submitted
fixed_gt200,50,1,1000,256,1154044,/scratch/marzii/imitation_runs/demos/human_baseline/record_human_demos/lunarlander/session_3_ext700_ret_gt200,submitted
fixed_gt200,50,2,1000,256,1154045,/scratch/marzii/imitation_runs/demos/human_baseline/record_human_demos/lunarlander/session_3_ext700_ret_gt200,submitted
fixed_gt200,50,3,1000,256,1154046,/scratch/marzii/imitation_runs/demos/human_baseline/record_human_demos/lunarlander/session_3_ext700_ret_gt200,submitted
fixed_gt200,50,4,1000,256,1154047,/scratch/marzii/imitation_runs/demos/human_baseline/record_human_demos/lunarlander/session_3_ext700_ret_gt200,submitted
fixed_gt200,50,5,1000,256,1154048,/scratch/marzii/imitation_runs/demos/human_baseline/record_human_demos/lunarlander/session_3_ext700_ret_gt200,submitted
fixed_gt200,50,6,1000,256,1154049,/scratch/marzii/imitation_runs/demos/human_baseline/record_human_demos/lunarlander/session_3_ext700_ret_gt200,submitted
fixed_gt200,50,7,1000,256,1154050,/scratch/marzii/imitation_runs/demos/human_baseline/record_human_demos/lunarlander/session_3_ext700_ret_gt200,submitted
fixed_gt200,50,8,1000,256,1154051,/scratch/marzii/imitation_runs/demos/human_baseline/record_human_demos/lunarlander/session_3_ext700_ret_gt200,submitted
fixed_gt200,50,9,1000,256,1154052,/scratch/marzii/imitation_runs/demos/human_baseline/record_human_demos/lunarlander/session_3_ext700_ret_gt200,submitted
fixed_gt200,100,0,1000,256,1154053,/scratch/marzii/imitation_runs/demos/human_baseline/record_human_demos/lunarlander/session_3_ext700_ret_gt200,submitted
fixed_gt200,100,1,1000,256,1154054,/scratch/marzii/imitation_runs/demos/human_baseline/record_human_demos/lunarlander/session_3_ext700_ret_gt200,submitted
fixed_gt200,100,2,1000,256,1154055,/scratch/marzii/imitation_runs/demos/human_baseline/record_human_demos/lunarlander/session_3_ext700_ret_gt200,submitted
fixed_gt200,100,3,1000,256,1154056,/scratch/marzii/imitation_runs/demos/human_baseline/record_human_demos/lunarlander/session_3_ext700_ret_gt200,submitted
fixed_gt200,100,4,1000,256,1154057,/scratch/marzii/imitation_runs/demos/human_baseline/record_human_demos/lunarlander/session_3_ext700_ret_gt200,submitted
fixed_gt200,100,5,1000,256,1154058,/scratch/marzii/imitation_runs/demos/human_baseline/record_human_demos/lunarlander/session_3_ext700_ret_gt200,submitted
fixed_gt200,100,6,1000,256,1154059,/scratch/marzii/imitation_runs/demos/human_baseline/record_human_demos/lunarlander/session_3_ext700_ret_gt200,submitted
fixed_gt200,100,7,1000,256,1154060,/scratch/marzii/imitation_runs/demos/human_baseline/record_human_demos/lunarlander/session_3_ext700_ret_gt200,submitted
fixed_gt200,100,8,1000,256,1154061,/scratch/marzii/imitation_runs/demos/human_baseline/record_human_demos/lunarlander/session_3_ext700_ret_gt200,submitted
fixed_gt200,100,9,1000,256,1154062,/scratch/marzii/imitation_runs/demos/human_baseline/record_human_demos/lunarlander/session_3_ext700_ret_gt200,submitted
fixed_gt200,250,0,1000,256,1154063,/scratch/marzii/imitation_runs/demos/human_baseline/record_human_demos/lunarlander/session_3_ext700_ret_gt200,submitted
fixed_gt200,250,1,1000,256,1154064,/scratch/marzii/imitation_runs/demos/human_baseline/record_human_demos/lunarlander/session_3_ext700_ret_gt200,submitted
fixed_gt200,250,2,1000,256,1154065,/scratch/marzii/imitation_runs/demos/human_baseline/record_human_demos/lunarlander/session_3_ext700_ret_gt200,submitted
fixed_gt200,250,3,1000,256,1154066,/scratch/marzii/imitation_runs/demos/human_baseline/record_human_demos/lunarlander/session_3_ext700_ret_gt200,submitted
fixed_gt200,250,4,1000,256,1154067,/scratch/marzii/imitation_runs/demos/human_baseline/record_human_demos/lunarlander/session_3_ext700_ret_gt200,submitted
fixed_gt200,250,5,1000,256,1154068,/scratch/marzii/imitation_runs/demos/human_baseline/record_human_demos/lunarlander/session_3_ext700_ret_gt200,submitted
fixed_gt200,250,6,1000,256,1154069,/scratch/marzii/imitation_runs/demos/human_baseline/record_human_demos/lunarlander/session_3_ext700_ret_gt200,submitted
fixed_gt200,250,7,1000,256,1154070,/scratch/marzii/imitation_runs/demos/human_baseline/record_human_demos/lunarlander/session_3_ext700_ret_gt200,submitted
fixed_gt200,250,8,1000,256,1154071,/scratch/marzii/imitation_runs/demos/human_baseline/record_human_demos/lunarlander/session_3_ext700_ret_gt200,submitted
fixed_gt200,250,9,1000,256,1154072,/scratch/marzii/imitation_runs/demos/human_baseline/record_human_demos/lunarlander/session_3_ext700_ret_gt200,submitted
fixed_gt200,400,0,1000,256,1154073,/scratch/marzii/imitation_runs/demos/human_baseline/record_human_demos/lunarlander/session_3_ext700_ret_gt200,submitted
fixed_gt200,400,1,1000,256,1154074,/scratch/marzii/imitation_runs/demos/human_baseline/record_human_demos/lunarlander/session_3_ext700_ret_gt200,submitted
fixed_gt200,400,2,1000,256,1154075,/scratch/marzii/imitation_runs/demos/human_baseline/record_human_demos/lunarlander/session_3_ext700_ret_gt200,submitted
fixed_gt200,400,3,1000,256,1154076,/scratch/marzii/imitation_runs/demos/human_baseline/record_human_demos/lunarlander/session_3_ext700_ret_gt200,submitted
fixed_gt200,400,4,1000,256,1154077,/scratch/marzii/imitation_runs/demos/human_baseline/record_human_demos/lunarlander/session_3_ext700_ret_gt200,submitted
fixed_gt200,400,5,1000,256,1154078,/scratch/marzii/imitation_runs/demos/human_baseline/record_human_demos/lunarlander/session_3_ext700_ret_gt200,submitted
fixed_gt200,400,6,1000,256,1154079,/scratch/marzii/imitation_runs/demos/human_baseline/record_human_demos/lunarlander/session_3_ext700_ret_gt200,submitted
fixed_gt200,400,7,1000,256,1154080,/scratch/marzii/imitation_runs/demos/human_baseline/record_human_demos/lunarlander/session_3_ext700_ret_gt200,submitted
fixed_gt200,400,8,1000,256,1154081,/scratch/marzii/imitation_runs/demos/human_baseline/record_human_demos/lunarlander/session_3_ext700_ret_gt200,submitted
fixed_gt200,400,9,1000,256,1154082,/scratch/marzii/imitation_runs/demos/human_baseline/record_human_demos/lunarlander/session_3_ext700_ret_gt200,submitted
