condition_id,N,speed_fps,seed,slurm_job_id,demo_path,status,arm
speed_human_fps10_first15,15,10,0,220648,/scratch/marzii/imitation_runs/demos/harder_vs_easier/record_sim_speed/demos/human/speed_fps10/session_1,submitted,first15
speed_human_fps10_first15,15,10,1,220649,/scratch/marzii/imitation_runs/demos/harder_vs_easier/record_sim_speed/demos/human/speed_fps10/session_1,submitted,first15
speed_human_fps10_first15,15,10,2,220650,/scratch/marzii/imitation_runs/demos/harder_vs_easier/record_sim_speed/demos/human/speed_fps10/session_1,submitted,first15
speed_human_fps10_first15,15,10,3,220651,/scratch/marzii/imitation_runs/demos/harder_vs_easier/record_sim_speed/demos/human/speed_fps10/session_1,submitted,first15
speed_human_fps10_first15,15,10,4,220652,/scratch/marzii/imitation_runs/demos/harder_vs_easier/record_sim_speed/demos/human/speed_fps10/session_1,submitted,first15
speed_human_fps10_first15,15,10,5,220653,/scratch/marzii/imitation_runs/demos/harder_vs_easier/record_sim_speed/demos/human/speed_fps10/session_1,submitted,first15
speed_human_fps10_first15,15,10,6,220654,/scratch/marzii/imitation_runs/demos/harder_vs_easier/record_sim_speed/demos/human/speed_fps10/session_1,submitted,first15
speed_human_fps10_first15,15,10,7,220655,/scratch/marzii/imitation_runs/demos/harder_vs_easier/record_sim_speed/demos/human/speed_fps10/session_1,submitted,first15
speed_human_fps10_first15,15,10,8,220656,/scratch/marzii/imitation_runs/demos/harder_vs_easier/record_sim_speed/demos/human/speed_fps10/session_1,submitted,first15
speed_human_fps10_first15,15,10,9,220657,/scratch/marzii/imitation_runs/demos/harder_vs_easier/record_sim_speed/demos/human/speed_fps10/session_1,submitted,first15
speed_human_fps10_first15,15,10,10,220658,/scratch/marzii/imitation_runs/demos/harder_vs_easier/record_sim_speed/demos/human/speed_fps10/session_1,submitted,first15
speed_human_fps10_first15,15,10,11,220659,/scratch/marzii/imitation_runs/demos/harder_vs_easier/record_sim_speed/demos/human/speed_fps10/session_1,submitted,first15
speed_human_fps10_first15,15,10,12,220660,/scratch/marzii/imitation_runs/demos/harder_vs_easier/record_sim_speed/demos/human/speed_fps10/session_1,submitted,first15
speed_human_fps10_first15,15,10,13,220661,/scratch/marzii/imitation_runs/demos/harder_vs_easier/record_sim_speed/demos/human/speed_fps10/session_1,submitted,first15
speed_human_fps10_first15,15,10,14,220662,/scratch/marzii/imitation_runs/demos/harder_vs_easier/record_sim_speed/demos/human/speed_fps10/session_1,submitted,first15
speed_human_fps10_first15,15,10,15,220663,/scratch/marzii/imitation_runs/demos/harder_vs_easier/record_sim_speed/demos/human/speed_fps10/session_1,submitted,first15
speed_human_fps10_first15,15,10,16,220664,/scratch/marzii/imitation_runs/demos/harder_vs_easier/record_sim_speed/demos/human/speed_fps10/session_1,submitted,first15
speed_human_fps10_first15,15,10,17,220665,/scratch/marzii/imitation_runs/demos/harder_vs_easier/record_sim_speed/demos/human/speed_fps10/session_1,submitted,first15
speed_human_fps10_first15,15,10,18,220666,/scratch/marzii/imitation_runs/demos/harder_vs_easier/record_sim_speed/demos/human/speed_fps10/session_1,submitted,first15
speed_human_fps10_first15,15,10,19,220667,/scratch/marzii/imitation_runs/demos/harder_vs_easier/record_sim_speed/demos/human/speed_fps10/session_1,submitted,first15
speed_human_fps10_first15,15,10,20,220668,/scratch/marzii/imitation_runs/demos/harder_vs_easier/record_sim_speed/demos/human/speed_fps10/session_1,submitted,first15
speed_human_fps10_first15,15,10,21,220669,/scratch/marzii/imitation_runs/demos/harder_vs_easier/record_sim_speed/demos/human/speed_fps10/session_1,submitted,first15
speed_human_fps10_first15,15,10,22,220670,/scratch/marzii/imitation_runs/demos/harder_vs_easier/record_sim_speed/demos/human/speed_fps10/session_1,submitted,first15
speed_human_fps10_first15,15,10,23,220671,/scratch/marzii/imitation_runs/demos/harder_vs_easier/record_sim_speed/demos/human/speed_fps10/session_1,submitted,first15
speed_human_fps10_first15,15,10,24,220672,/scratch/marzii/imitation_runs/demos/harder_vs_easier/record_sim_speed/demos/human/speed_fps10/session_1,submitted,first15
speed_human_fps10_first15,15,10,25,220673,/scratch/marzii/imitation_runs/demos/harder_vs_easier/record_sim_speed/demos/human/speed_fps10/session_1,submitted,first15
speed_human_fps10_first15,15,10,26,220674,/scratch/marzii/imitation_runs/demos/harder_vs_easier/record_sim_speed/demos/human/speed_fps10/session_1,submitted,first15
speed_human_fps10_first15,15,10,27,220675,/scratch/marzii/imitation_runs/demos/harder_vs_easier/record_sim_speed/demos/human/speed_fps10/session_1,submitted,first15
speed_human_fps10_first15,15,10,28,220676,/scratch/marzii/imitation_runs/demos/harder_vs_easier/record_sim_speed/demos/human/speed_fps10/session_1,submitted,first15
speed_human_fps10_first15,15,10,29,220677,/scratch/marzii/imitation_runs/demos/harder_vs_easier/record_sim_speed/demos/human/speed_fps10/session_1,submitted,first15
speed_human_fps10_all,19,10,0,220678,/scratch/marzii/imitation_runs/demos/harder_vs_easier/record_sim_speed/demos/human/speed_fps10/session_1,submitted,all
speed_human_fps10_all,19,10,1,220679,/scratch/marzii/imitation_runs/demos/harder_vs_easier/record_sim_speed/demos/human/speed_fps10/session_1,submitted,all
speed_human_fps10_all,19,10,2,220680,/scratch/marzii/imitation_runs/demos/harder_vs_easier/record_sim_speed/demos/human/speed_fps10/session_1,submitted,all
speed_human_fps10_all,19,10,3,220681,/scratch/marzii/imitation_runs/demos/harder_vs_easier/record_sim_speed/demos/human/speed_fps10/session_1,submitted,all
speed_human_fps10_all,19,10,4,220682,/scratch/marzii/imitation_runs/demos/harder_vs_easier/record_sim_speed/demos/human/speed_fps10/session_1,submitted,all
speed_human_fps10_all,19,10,5,220683,/scratch/marzii/imitation_runs/demos/harder_vs_easier/record_sim_speed/demos/human/speed_fps10/session_1,submitted,all
speed_human_fps10_all,19,10,6,220684,/scratch/marzii/imitation_runs/demos/harder_vs_easier/record_sim_speed/demos/human/speed_fps10/session_1,submitted,all
speed_human_fps10_all,19,10,7,220685,/scratch/marzii/imitation_runs/demos/harder_vs_easier/record_sim_speed/demos/human/speed_fps10/session_1,submitted,all
speed_human_fps10_all,19,10,8,220686,/scratch/marzii/imitation_runs/demos/harder_vs_easier/record_sim_speed/demos/human/speed_fps10/session_1,submitted,all
speed_human_fps10_all,19,10,9,220687,/scratch/marzii/imitation_runs/demos/harder_vs_easier/record_sim_speed/demos/human/speed_fps10/session_1,submitted,all
speed_human_fps10_all,19,10,10,220688,/scratch/marzii/imitation_runs/demos/harder_vs_easier/record_sim_speed/demos/human/speed_fps10/session_1,submitted,all
speed_human_fps10_all,19,10,11,220689,/scratch/marzii/imitation_runs/demos/harder_vs_easier/record_sim_speed/demos/human/speed_fps10/session_1,submitted,all
speed_human_fps10_all,19,10,12,220690,/scratch/marzii/imitation_runs/demos/harder_vs_easier/record_sim_speed/demos/human/speed_fps10/session_1,submitted,all
speed_human_fps10_all,19,10,13,220691,/scratch/marzii/imitation_runs/demos/harder_vs_easier/record_sim_speed/demos/human/speed_fps10/session_1,submitted,all
speed_human_fps10_all,19,10,14,220692,/scratch/marzii/imitation_runs/demos/harder_vs_easier/record_sim_speed/demos/human/speed_fps10/session_1,submitted,all
speed_human_fps10_all,19,10,15,220693,/scratch/marzii/imitation_runs/demos/harder_vs_easier/record_sim_speed/demos/human/speed_fps10/session_1,submitted,all
speed_human_fps10_all,19,10,16,220694,/scratch/marzii/imitation_runs/demos/harder_vs_easier/record_sim_speed/demos/human/speed_fps10/session_1,submitted,all
speed_human_fps10_all,19,10,17,220695,/scratch/marzii/imitation_runs/demos/harder_vs_easier/record_sim_speed/demos/human/speed_fps10/session_1,submitted,all
speed_human_fps10_all,19,10,18,220696,/scratch/marzii/imitation_runs/demos/harder_vs_easier/record_sim_speed/demos/human/speed_fps10/session_1,submitted,all
speed_human_fps10_all,19,10,19,220697,/scratch/marzii/imitation_runs/demos/harder_vs_easier/record_sim_speed/demos/human/speed_fps10/session_1,submitted,all
speed_human_fps10_all,19,10,20,220698,/scratch/marzii/imitation_runs/demos/harder_vs_easier/record_sim_speed/demos/human/speed_fps10/session_1,submitted,all
speed_human_fps10_all,19,10,21,220699,/scratch/marzii/imitation_runs/demos/harder_vs_easier/record_sim_speed/demos/human/speed_fps10/session_1,submitted,all
speed_human_fps10_all,19,10,22,220700,/scratch/marzii/imitation_runs/demos/harder_vs_easier/record_sim_speed/demos/human/speed_fps10/session_1,submitted,all
speed_human_fps10_all,19,10,23,220701,/scratch/marzii/imitation_runs/demos/harder_vs_easier/record_sim_speed/demos/human/speed_fps10/session_1,submitted,all
speed_human_fps10_all,19,10,24,220702,/scratch/marzii/imitation_runs/demos/harder_vs_easier/record_sim_speed/demos/human/speed_fps10/session_1,submitted,all
speed_human_fps10_all,19,10,25,220703,/scratch/marzii/imitation_runs/demos/harder_vs_easier/record_sim_speed/demos/human/speed_fps10/session_1,submitted,all
speed_human_fps10_all,19,10,26,220704,/scratch/marzii/imitation_runs/demos/harder_vs_easier/record_sim_speed/demos/human/speed_fps10/session_1,submitted,all
speed_human_fps10_all,19,10,27,220705,/scratch/marzii/imitation_runs/demos/harder_vs_easier/record_sim_speed/demos/human/speed_fps10/session_1,submitted,all
speed_human_fps10_all,19,10,28,220706,/scratch/marzii/imitation_runs/demos/harder_vs_easier/record_sim_speed/demos/human/speed_fps10/session_1,submitted,all
speed_human_fps10_all,19,10,29,220707,/scratch/marzii/imitation_runs/demos/harder_vs_easier/record_sim_speed/demos/human/speed_fps10/session_1,submitted,all
speed_human_fps20_first15,15,20,0,223729,/scratch/marzii/imitation_runs/demos/harder_vs_easier/record_lander_vanish/demos/human/vanish_p0/session_1,submitted,first15
speed_human_fps20_first15,15,20,1,223730,/scratch/marzii/imitation_runs/demos/harder_vs_easier/record_lander_vanish/demos/human/vanish_p0/session_1,submitted,first15
speed_human_fps20_first15,15,20,2,223731,/scratch/marzii/imitation_runs/demos/harder_vs_easier/record_lander_vanish/demos/human/vanish_p0/session_1,submitted,first15
speed_human_fps20_first15,15,20,3,223732,/scratch/marzii/imitation_runs/demos/harder_vs_easier/record_lander_vanish/demos/human/vanish_p0/session_1,submitted,first15
speed_human_fps20_first15,15,20,4,223733,/scratch/marzii/imitation_runs/demos/harder_vs_easier/record_lander_vanish/demos/human/vanish_p0/session_1,submitted,first15
speed_human_fps20_first15,15,20,5,223734,/scratch/marzii/imitation_runs/demos/harder_vs_easier/record_lander_vanish/demos/human/vanish_p0/session_1,submitted,first15
speed_human_fps20_first15,15,20,6,223735,/scratch/marzii/imitation_runs/demos/harder_vs_easier/record_lander_vanish/demos/human/vanish_p0/session_1,submitted,first15
speed_human_fps20_first15,15,20,7,223736,/scratch/marzii/imitation_runs/demos/harder_vs_easier/record_lander_vanish/demos/human/vanish_p0/session_1,submitted,first15
speed_human_fps20_first15,15,20,8,223737,/scratch/marzii/imitation_runs/demos/harder_vs_easier/record_lander_vanish/demos/human/vanish_p0/session_1,submitted,first15
speed_human_fps20_first15,15,20,9,223738,/scratch/marzii/imitation_runs/demos/harder_vs_easier/record_lander_vanish/demos/human/vanish_p0/session_1,submitted,first15
speed_human_fps20_first15,15,20,10,223739,/scratch/marzii/imitation_runs/demos/harder_vs_easier/record_lander_vanish/demos/human/vanish_p0/session_1,submitted,first15
speed_human_fps20_first15,15,20,11,223740,/scratch/marzii/imitation_runs/demos/harder_vs_easier/record_lander_vanish/demos/human/vanish_p0/session_1,submitted,first15
speed_human_fps20_first15,15,20,12,223741,/scratch/marzii/imitation_runs/demos/harder_vs_easier/record_lander_vanish/demos/human/vanish_p0/session_1,submitted,first15
speed_human_fps20_first15,15,20,13,223742,/scratch/marzii/imitation_runs/demos/harder_vs_easier/record_lander_vanish/demos/human/vanish_p0/session_1,submitted,first15
speed_human_fps20_first15,15,20,14,223743,/scratch/marzii/imitation_runs/demos/harder_vs_easier/record_lander_vanish/demos/human/vanish_p0/session_1,submitted,first15
speed_human_fps20_first15,15,20,15,223744,/scratch/marzii/imitation_runs/demos/harder_vs_easier/record_lander_vanish/demos/human/vanish_p0/session_1,submitted,first15
speed_human_fps20_first15,15,20,16,223745,/scratch/marzii/imitation_runs/demos/harder_vs_easier/record_lander_vanish/demos/human/vanish_p0/session_1,submitted,first15
speed_human_fps20_first15,15,20,17,223746,/scratch/marzii/imitation_runs/demos/harder_vs_easier/record_lander_vanish/demos/human/vanish_p0/session_1,submitted,first15
speed_human_fps20_first15,15,20,18,223747,/scratch/marzii/imitation_runs/demos/harder_vs_easier/record_lander_vanish/demos/human/vanish_p0/session_1,submitted,first15
speed_human_fps20_first15,15,20,19,223748,/scratch/marzii/imitation_runs/demos/harder_vs_easier/record_lander_vanish/demos/human/vanish_p0/session_1,submitted,first15
speed_human_fps20_first15,15,20,20,223749,/scratch/marzii/imitation_runs/demos/harder_vs_easier/record_lander_vanish/demos/human/vanish_p0/session_1,submitted,first15
speed_human_fps20_first15,15,20,21,223750,/scratch/marzii/imitation_runs/demos/harder_vs_easier/record_lander_vanish/demos/human/vanish_p0/session_1,submitted,first15
speed_human_fps20_first15,15,20,22,223751,/scratch/marzii/imitation_runs/demos/harder_vs_easier/record_lander_vanish/demos/human/vanish_p0/session_1,submitted,first15
speed_human_fps20_first15,15,20,23,223752,/scratch/marzii/imitation_runs/demos/harder_vs_easier/record_lander_vanish/demos/human/vanish_p0/session_1,submitted,first15
speed_human_fps20_first15,15,20,24,223753,/scratch/marzii/imitation_runs/demos/harder_vs_easier/record_lander_vanish/demos/human/vanish_p0/session_1,submitted,first15
speed_human_fps20_first15,15,20,25,223754,/scratch/marzii/imitation_runs/demos/harder_vs_easier/record_lander_vanish/demos/human/vanish_p0/session_1,submitted,first15
speed_human_fps20_first15,15,20,26,223755,/scratch/marzii/imitation_runs/demos/harder_vs_easier/record_lander_vanish/demos/human/vanish_p0/session_1,submitted,first15
speed_human_fps20_first15,15,20,27,223756,/scratch/marzii/imitation_runs/demos/harder_vs_easier/record_lander_vanish/demos/human/vanish_p0/session_1,submitted,first15
speed_human_fps20_first15,15,20,28,223757,/scratch/marzii/imitation_runs/demos/harder_vs_easier/record_lander_vanish/demos/human/vanish_p0/session_1,submitted,first15
speed_human_fps20_first15,15,20,29,223758,/scratch/marzii/imitation_runs/demos/harder_vs_easier/record_lander_vanish/demos/human/vanish_p0/session_1,submitted,first15
speed_human_fps20_all,28,20,0,223759,/scratch/marzii/imitation_runs/demos/harder_vs_easier/record_lander_vanish/demos/human/vanish_p0/session_1,submitted,all
speed_human_fps20_all,28,20,1,223760,/scratch/marzii/imitation_runs/demos/harder_vs_easier/record_lander_vanish/demos/human/vanish_p0/session_1,submitted,all
speed_human_fps20_all,28,20,2,223761,/scratch/marzii/imitation_runs/demos/harder_vs_easier/record_lander_vanish/demos/human/vanish_p0/session_1,submitted,all
speed_human_fps20_all,28,20,3,223762,/scratch/marzii/imitation_runs/demos/harder_vs_easier/record_lander_vanish/demos/human/vanish_p0/session_1,submitted,all
speed_human_fps20_all,28,20,4,223763,/scratch/marzii/imitation_runs/demos/harder_vs_easier/record_lander_vanish/demos/human/vanish_p0/session_1,submitted,all
speed_human_fps20_all,28,20,5,223764,/scratch/marzii/imitation_runs/demos/harder_vs_easier/record_lander_vanish/demos/human/vanish_p0/session_1,submitted,all
speed_human_fps20_all,28,20,6,223765,/scratch/marzii/imitation_runs/demos/harder_vs_easier/record_lander_vanish/demos/human/vanish_p0/session_1,submitted,all
speed_human_fps20_all,28,20,7,223766,/scratch/marzii/imitation_runs/demos/harder_vs_easier/record_lander_vanish/demos/human/vanish_p0/session_1,submitted,all
speed_human_fps20_all,28,20,8,223767,/scratch/marzii/imitation_runs/demos/harder_vs_easier/record_lander_vanish/demos/human/vanish_p0/session_1,submitted,all
speed_human_fps20_all,28,20,9,223768,/scratch/marzii/imitation_runs/demos/harder_vs_easier/record_lander_vanish/demos/human/vanish_p0/session_1,submitted,all
speed_human_fps20_all,28,20,10,223769,/scratch/marzii/imitation_runs/demos/harder_vs_easier/record_lander_vanish/demos/human/vanish_p0/session_1,submitted,all
speed_human_fps20_all,28,20,11,223770,/scratch/marzii/imitation_runs/demos/harder_vs_easier/record_lander_vanish/demos/human/vanish_p0/session_1,submitted,all
speed_human_fps20_all,28,20,12,223771,/scratch/marzii/imitation_runs/demos/harder_vs_easier/record_lander_vanish/demos/human/vanish_p0/session_1,submitted,all
speed_human_fps20_all,28,20,13,223772,/scratch/marzii/imitation_runs/demos/harder_vs_easier/record_lander_vanish/demos/human/vanish_p0/session_1,submitted,all
speed_human_fps20_all,28,20,14,223773,/scratch/marzii/imitation_runs/demos/harder_vs_easier/record_lander_vanish/demos/human/vanish_p0/session_1,submitted,all
speed_human_fps20_all,28,20,15,223774,/scratch/marzii/imitation_runs/demos/harder_vs_easier/record_lander_vanish/demos/human/vanish_p0/session_1,submitted,all
speed_human_fps20_all,28,20,16,223775,/scratch/marzii/imitation_runs/demos/harder_vs_easier/record_lander_vanish/demos/human/vanish_p0/session_1,submitted,all
speed_human_fps20_all,28,20,17,223776,/scratch/marzii/imitation_runs/demos/harder_vs_easier/record_lander_vanish/demos/human/vanish_p0/session_1,submitted,all
speed_human_fps20_all,28,20,18,223777,/scratch/marzii/imitation_runs/demos/harder_vs_easier/record_lander_vanish/demos/human/vanish_p0/session_1,submitted,all
speed_human_fps20_all,28,20,19,223779,/scratch/marzii/imitation_runs/demos/harder_vs_easier/record_lander_vanish/demos/human/vanish_p0/session_1,submitted,all
speed_human_fps20_all,28,20,20,223781,/scratch/marzii/imitation_runs/demos/harder_vs_easier/record_lander_vanish/demos/human/vanish_p0/session_1,submitted,all
speed_human_fps20_all,28,20,21,223783,/scratch/marzii/imitation_runs/demos/harder_vs_easier/record_lander_vanish/demos/human/vanish_p0/session_1,submitted,all
speed_human_fps20_all,28,20,22,223784,/scratch/marzii/imitation_runs/demos/harder_vs_easier/record_lander_vanish/demos/human/vanish_p0/session_1,submitted,all
speed_human_fps20_all,28,20,23,223785,/scratch/marzii/imitation_runs/demos/harder_vs_easier/record_lander_vanish/demos/human/vanish_p0/session_1,submitted,all
speed_human_fps20_all,28,20,24,223786,/scratch/marzii/imitation_runs/demos/harder_vs_easier/record_lander_vanish/demos/human/vanish_p0/session_1,submitted,all
speed_human_fps20_all,28,20,25,223787,/scratch/marzii/imitation_runs/demos/harder_vs_easier/record_lander_vanish/demos/human/vanish_p0/session_1,submitted,all
speed_human_fps20_all,28,20,26,223788,/scratch/marzii/imitation_runs/demos/harder_vs_easier/record_lander_vanish/demos/human/vanish_p0/session_1,submitted,all
speed_human_fps20_all,28,20,27,223789,/scratch/marzii/imitation_runs/demos/harder_vs_easier/record_lander_vanish/demos/human/vanish_p0/session_1,submitted,all
speed_human_fps20_all,28,20,28,223790,/scratch/marzii/imitation_runs/demos/harder_vs_easier/record_lander_vanish/demos/human/vanish_p0/session_1,submitted,all
speed_human_fps20_all,28,20,29,223791,/scratch/marzii/imitation_runs/demos/harder_vs_easier/record_lander_vanish/demos/human/vanish_p0/session_1,submitted,all
speed_human_fps50_first15,15,50,0,227181,/scratch/marzii/imitation_runs/demos/harder_vs_easier/record_sim_speed/demos/human/speed_fps50/session_1,submitted,first15
speed_human_fps50_first15,15,50,1,227182,/scratch/marzii/imitation_runs/demos/harder_vs_easier/record_sim_speed/demos/human/speed_fps50/session_1,submitted,first15
speed_human_fps50_first15,15,50,2,227183,/scratch/marzii/imitation_runs/demos/harder_vs_easier/record_sim_speed/demos/human/speed_fps50/session_1,submitted,first15
speed_human_fps50_first15,15,50,3,227184,/scratch/marzii/imitation_runs/demos/harder_vs_easier/record_sim_speed/demos/human/speed_fps50/session_1,submitted,first15
speed_human_fps50_first15,15,50,4,227185,/scratch/marzii/imitation_runs/demos/harder_vs_easier/record_sim_speed/demos/human/speed_fps50/session_1,submitted,first15
speed_human_fps50_first15,15,50,5,227186,/scratch/marzii/imitation_runs/demos/harder_vs_easier/record_sim_speed/demos/human/speed_fps50/session_1,submitted,first15
speed_human_fps50_first15,15,50,6,227187,/scratch/marzii/imitation_runs/demos/harder_vs_easier/record_sim_speed/demos/human/speed_fps50/session_1,submitted,first15
speed_human_fps50_first15,15,50,7,227188,/scratch/marzii/imitation_runs/demos/harder_vs_easier/record_sim_speed/demos/human/speed_fps50/session_1,submitted,first15
speed_human_fps50_first15,15,50,8,227189,/scratch/marzii/imitation_runs/demos/harder_vs_easier/record_sim_speed/demos/human/speed_fps50/session_1,submitted,first15
speed_human_fps50_first15,15,50,9,227190,/scratch/marzii/imitation_runs/demos/harder_vs_easier/record_sim_speed/demos/human/speed_fps50/session_1,submitted,first15
speed_human_fps50_first15,15,50,10,227191,/scratch/marzii/imitation_runs/demos/harder_vs_easier/record_sim_speed/demos/human/speed_fps50/session_1,submitted,first15
speed_human_fps50_first15,15,50,11,227192,/scratch/marzii/imitation_runs/demos/harder_vs_easier/record_sim_speed/demos/human/speed_fps50/session_1,submitted,first15
speed_human_fps50_first15,15,50,12,227193,/scratch/marzii/imitation_runs/demos/harder_vs_easier/record_sim_speed/demos/human/speed_fps50/session_1,submitted,first15
speed_human_fps50_first15,15,50,13,227194,/scratch/marzii/imitation_runs/demos/harder_vs_easier/record_sim_speed/demos/human/speed_fps50/session_1,submitted,first15
speed_human_fps50_first15,15,50,14,227195,/scratch/marzii/imitation_runs/demos/harder_vs_easier/record_sim_speed/demos/human/speed_fps50/session_1,submitted,first15
speed_human_fps50_first15,15,50,15,227196,/scratch/marzii/imitation_runs/demos/harder_vs_easier/record_sim_speed/demos/human/speed_fps50/session_1,submitted,first15
speed_human_fps50_first15,15,50,16,227197,/scratch/marzii/imitation_runs/demos/harder_vs_easier/record_sim_speed/demos/human/speed_fps50/session_1,submitted,first15
speed_human_fps50_first15,15,50,17,227198,/scratch/marzii/imitation_runs/demos/harder_vs_easier/record_sim_speed/demos/human/speed_fps50/session_1,submitted,first15
speed_human_fps50_first15,15,50,18,227199,/scratch/marzii/imitation_runs/demos/harder_vs_easier/record_sim_speed/demos/human/speed_fps50/session_1,submitted,first15
speed_human_fps50_first15,15,50,19,227200,/scratch/marzii/imitation_runs/demos/harder_vs_easier/record_sim_speed/demos/human/speed_fps50/session_1,submitted,first15
speed_human_fps50_first15,15,50,20,227201,/scratch/marzii/imitation_runs/demos/harder_vs_easier/record_sim_speed/demos/human/speed_fps50/session_1,submitted,first15
speed_human_fps50_first15,15,50,21,227202,/scratch/marzii/imitation_runs/demos/harder_vs_easier/record_sim_speed/demos/human/speed_fps50/session_1,submitted,first15
speed_human_fps50_first15,15,50,22,227203,/scratch/marzii/imitation_runs/demos/harder_vs_easier/record_sim_speed/demos/human/speed_fps50/session_1,submitted,first15
speed_human_fps50_first15,15,50,23,227204,/scratch/marzii/imitation_runs/demos/harder_vs_easier/record_sim_speed/demos/human/speed_fps50/session_1,submitted,first15
speed_human_fps50_first15,15,50,24,227205,/scratch/marzii/imitation_runs/demos/harder_vs_easier/record_sim_speed/demos/human/speed_fps50/session_1,submitted,first15
speed_human_fps50_first15,15,50,25,227206,/scratch/marzii/imitation_runs/demos/harder_vs_easier/record_sim_speed/demos/human/speed_fps50/session_1,submitted,first15
speed_human_fps50_first15,15,50,26,227207,/scratch/marzii/imitation_runs/demos/harder_vs_easier/record_sim_speed/demos/human/speed_fps50/session_1,submitted,first15
speed_human_fps50_first15,15,50,27,227208,/scratch/marzii/imitation_runs/demos/harder_vs_easier/record_sim_speed/demos/human/speed_fps50/session_1,submitted,first15
speed_human_fps50_first15,15,50,28,227209,/scratch/marzii/imitation_runs/demos/harder_vs_easier/record_sim_speed/demos/human/speed_fps50/session_1,submitted,first15
speed_human_fps50_first15,15,50,29,227210,/scratch/marzii/imitation_runs/demos/harder_vs_easier/record_sim_speed/demos/human/speed_fps50/session_1,submitted,first15
speed_human_fps50_all,145,50,0,227211,/scratch/marzii/imitation_runs/demos/harder_vs_easier/record_sim_speed/demos/human/speed_fps50/session_1,submitted,all
speed_human_fps50_all,145,50,1,227212,/scratch/marzii/imitation_runs/demos/harder_vs_easier/record_sim_speed/demos/human/speed_fps50/session_1,submitted,all
speed_human_fps50_all,145,50,2,227213,/scratch/marzii/imitation_runs/demos/harder_vs_easier/record_sim_speed/demos/human/speed_fps50/session_1,submitted,all
speed_human_fps50_all,145,50,3,227214,/scratch/marzii/imitation_runs/demos/harder_vs_easier/record_sim_speed/demos/human/speed_fps50/session_1,submitted,all
speed_human_fps50_all,145,50,4,227215,/scratch/marzii/imitation_runs/demos/harder_vs_easier/record_sim_speed/demos/human/speed_fps50/session_1,submitted,all
speed_human_fps50_all,145,50,5,227216,/scratch/marzii/imitation_runs/demos/harder_vs_easier/record_sim_speed/demos/human/speed_fps50/session_1,submitted,all
speed_human_fps50_all,145,50,6,227217,/scratch/marzii/imitation_runs/demos/harder_vs_easier/record_sim_speed/demos/human/speed_fps50/session_1,submitted,all
speed_human_fps50_all,145,50,7,227218,/scratch/marzii/imitation_runs/demos/harder_vs_easier/record_sim_speed/demos/human/speed_fps50/session_1,submitted,all
speed_human_fps50_all,145,50,8,227219,/scratch/marzii/imitation_runs/demos/harder_vs_easier/record_sim_speed/demos/human/speed_fps50/session_1,submitted,all
speed_human_fps50_all,145,50,9,227220,/scratch/marzii/imitation_runs/demos/harder_vs_easier/record_sim_speed/demos/human/speed_fps50/session_1,submitted,all
speed_human_fps50_all,145,50,10,227221,/scratch/marzii/imitation_runs/demos/harder_vs_easier/record_sim_speed/demos/human/speed_fps50/session_1,submitted,all
speed_human_fps50_all,145,50,11,227222,/scratch/marzii/imitation_runs/demos/harder_vs_easier/record_sim_speed/demos/human/speed_fps50/session_1,submitted,all
speed_human_fps50_all,145,50,12,227223,/scratch/marzii/imitation_runs/demos/harder_vs_easier/record_sim_speed/demos/human/speed_fps50/session_1,submitted,all
speed_human_fps50_all,145,50,13,227224,/scratch/marzii/imitation_runs/demos/harder_vs_easier/record_sim_speed/demos/human/speed_fps50/session_1,submitted,all
speed_human_fps50_all,145,50,14,227225,/scratch/marzii/imitation_runs/demos/harder_vs_easier/record_sim_speed/demos/human/speed_fps50/session_1,submitted,all
speed_human_fps50_all,145,50,15,227226,/scratch/marzii/imitation_runs/demos/harder_vs_easier/record_sim_speed/demos/human/speed_fps50/session_1,submitted,all
speed_human_fps50_all,145,50,16,227227,/scratch/marzii/imitation_runs/demos/harder_vs_easier/record_sim_speed/demos/human/speed_fps50/session_1,submitted,all
speed_human_fps50_all,145,50,17,227228,/scratch/marzii/imitation_runs/demos/harder_vs_easier/record_sim_speed/demos/human/speed_fps50/session_1,submitted,all
speed_human_fps50_all,145,50,18,227229,/scratch/marzii/imitation_runs/demos/harder_vs_easier/record_sim_speed/demos/human/speed_fps50/session_1,submitted,all
speed_human_fps50_all,145,50,19,227230,/scratch/marzii/imitation_runs/demos/harder_vs_easier/record_sim_speed/demos/human/speed_fps50/session_1,submitted,all
speed_human_fps50_all,145,50,20,227231,/scratch/marzii/imitation_runs/demos/harder_vs_easier/record_sim_speed/demos/human/speed_fps50/session_1,submitted,all
speed_human_fps50_all,145,50,21,227232,/scratch/marzii/imitation_runs/demos/harder_vs_easier/record_sim_speed/demos/human/speed_fps50/session_1,submitted,all
speed_human_fps50_all,145,50,22,227233,/scratch/marzii/imitation_runs/demos/harder_vs_easier/record_sim_speed/demos/human/speed_fps50/session_1,submitted,all
speed_human_fps50_all,145,50,23,227234,/scratch/marzii/imitation_runs/demos/harder_vs_easier/record_sim_speed/demos/human/speed_fps50/session_1,submitted,all
speed_human_fps50_all,145,50,24,227235,/scratch/marzii/imitation_runs/demos/harder_vs_easier/record_sim_speed/demos/human/speed_fps50/session_1,submitted,all
speed_human_fps50_all,145,50,25,227236,/scratch/marzii/imitation_runs/demos/harder_vs_easier/record_sim_speed/demos/human/speed_fps50/session_1,submitted,all
speed_human_fps50_all,145,50,26,227237,/scratch/marzii/imitation_runs/demos/harder_vs_easier/record_sim_speed/demos/human/speed_fps50/session_1,submitted,all
speed_human_fps50_all,145,50,27,227238,/scratch/marzii/imitation_runs/demos/harder_vs_easier/record_sim_speed/demos/human/speed_fps50/session_1,submitted,all
speed_human_fps50_all,145,50,28,227239,/scratch/marzii/imitation_runs/demos/harder_vs_easier/record_sim_speed/demos/human/speed_fps50/session_1,submitted,all
speed_human_fps50_all,145,50,29,227240,/scratch/marzii/imitation_runs/demos/harder_vs_easier/record_sim_speed/demos/human/speed_fps50/session_1,submitted,all
