condition,N,seed,shuffle_seed,slurm_job_id,demo_path,status
top1_highest,1,0,-,363853,/scratch/marzii/imitation_runs/demos/human_baseline/record_human_demos/lunarlander/session_3_top1,submitted
top1_highest,1,1,-,363854,/scratch/marzii/imitation_runs/demos/human_baseline/record_human_demos/lunarlander/session_3_top1,submitted
top1_highest,1,2,-,363855,/scratch/marzii/imitation_runs/demos/human_baseline/record_human_demos/lunarlander/session_3_top1,submitted
top1_highest,1,3,-,363856,/scratch/marzii/imitation_runs/demos/human_baseline/record_human_demos/lunarlander/session_3_top1,submitted
top1_highest,1,4,-,363857,/scratch/marzii/imitation_runs/demos/human_baseline/record_human_demos/lunarlander/session_3_top1,submitted
rand5,5,0,0,363858,/scratch/marzii/imitation_runs/demos/human_baseline/record_human_demos/lunarlander/session_3,submitted
rand5,5,1,1,363859,/scratch/marzii/imitation_runs/demos/human_baseline/record_human_demos/lunarlander/session_3,submitted
rand5,5,2,2,363860,/scratch/marzii/imitation_runs/demos/human_baseline/record_human_demos/lunarlander/session_3,submitted
rand5,5,3,3,363861,/scratch/marzii/imitation_runs/demos/human_baseline/record_human_demos/lunarlander/session_3,submitted
rand5,5,4,4,363862,/scratch/marzii/imitation_runs/demos/human_baseline/record_human_demos/lunarlander/session_3,submitted
rand10,10,0,0,363863,/scratch/marzii/imitation_runs/demos/human_baseline/record_human_demos/lunarlander/session_3,submitted
rand10,10,1,1,363864,/scratch/marzii/imitation_runs/demos/human_baseline/record_human_demos/lunarlander/session_3,submitted
rand10,10,2,2,363865,/scratch/marzii/imitation_runs/demos/human_baseline/record_human_demos/lunarlander/session_3,submitted
rand10,10,3,3,363866,/scratch/marzii/imitation_runs/demos/human_baseline/record_human_demos/lunarlander/session_3,submitted
rand10,10,4,4,363867,/scratch/marzii/imitation_runs/demos/human_baseline/record_human_demos/lunarlander/session_3,submitted
rand50,50,0,0,363868,/scratch/marzii/imitation_runs/demos/human_baseline/record_human_demos/lunarlander/session_3,submitted
rand50,50,1,1,363869,/scratch/marzii/imitation_runs/demos/human_baseline/record_human_demos/lunarlander/session_3,submitted
rand50,50,2,2,363870,/scratch/marzii/imitation_runs/demos/human_baseline/record_human_demos/lunarlander/session_3,submitted
rand50,50,3,3,363871,/scratch/marzii/imitation_runs/demos/human_baseline/record_human_demos/lunarlander/session_3,submitted
rand50,50,4,4,363872,/scratch/marzii/imitation_runs/demos/human_baseline/record_human_demos/lunarlander/session_3,submitted
rand100,100,0,0,363873,/scratch/marzii/imitation_runs/demos/human_baseline/record_human_demos/lunarlander/session_3,submitted
rand100,100,1,1,363874,/scratch/marzii/imitation_runs/demos/human_baseline/record_human_demos/lunarlander/session_3,submitted
rand100,100,2,2,363875,/scratch/marzii/imitation_runs/demos/human_baseline/record_human_demos/lunarlander/session_3,submitted
rand100,100,3,3,363876,/scratch/marzii/imitation_runs/demos/human_baseline/record_human_demos/lunarlander/session_3,submitted
rand100,100,4,4,363877,/scratch/marzii/imitation_runs/demos/human_baseline/record_human_demos/lunarlander/session_3,submitted
rand200,200,0,0,363878,/scratch/marzii/imitation_runs/demos/human_baseline/record_human_demos/lunarlander/session_3,submitted
rand200,200,1,1,363879,/scratch/marzii/imitation_runs/demos/human_baseline/record_human_demos/lunarlander/session_3,submitted
rand200,200,2,2,363880,/scratch/marzii/imitation_runs/demos/human_baseline/record_human_demos/lunarlander/session_3,submitted
rand200,200,3,3,363881,/scratch/marzii/imitation_runs/demos/human_baseline/record_human_demos/lunarlander/session_3,submitted
rand200,200,4,4,363882,/scratch/marzii/imitation_runs/demos/human_baseline/record_human_demos/lunarlander/session_3,submitted
top1_highest,1,0,-,364116,/scratch/marzii/imitation_runs/demos/human_baseline/record_human_demos/lunarlander/session_3_top1,resubmitted_bs128
top1_highest,1,1,-,364117,/scratch/marzii/imitation_runs/demos/human_baseline/record_human_demos/lunarlander/session_3_top1,resubmitted_bs128
top1_highest,1,2,-,364118,/scratch/marzii/imitation_runs/demos/human_baseline/record_human_demos/lunarlander/session_3_top1,resubmitted_bs128
top1_highest,1,3,-,364119,/scratch/marzii/imitation_runs/demos/human_baseline/record_human_demos/lunarlander/session_3_top1,resubmitted_bs128
top1_highest,1,4,-,364120,/scratch/marzii/imitation_runs/demos/human_baseline/record_human_demos/lunarlander/session_3_top1,resubmitted_bs128
