ranking,K,seed,slurm_job_id,demo_path,status
ret_only,10,0,698263,/scratch/marzii/imitation_runs/demos/human_baseline/record_human_demos/lunarlander/session_3_ext700_ret_only_top10,submitted
ret_only,10,1,698294,/scratch/marzii/imitation_runs/demos/human_baseline/record_human_demos/lunarlander/session_3_ext700_ret_only_top10,submitted
ret_only,10,2,698295,/scratch/marzii/imitation_runs/demos/human_baseline/record_human_demos/lunarlander/session_3_ext700_ret_only_top10,submitted
ret_only,10,3,698296,/scratch/marzii/imitation_runs/demos/human_baseline/record_human_demos/lunarlander/session_3_ext700_ret_only_top10,submitted
ret_only,10,4,698297,/scratch/marzii/imitation_runs/demos/human_baseline/record_human_demos/lunarlander/session_3_ext700_ret_only_top10,submitted
ret_only,10,5,698298,/scratch/marzii/imitation_runs/demos/human_baseline/record_human_demos/lunarlander/session_3_ext700_ret_only_top10,submitted
ret_only,10,6,698299,/scratch/marzii/imitation_runs/demos/human_baseline/record_human_demos/lunarlander/session_3_ext700_ret_only_top10,submitted
ret_only,10,7,698300,/scratch/marzii/imitation_runs/demos/human_baseline/record_human_demos/lunarlander/session_3_ext700_ret_only_top10,submitted
ret_only,10,8,698301,/scratch/marzii/imitation_runs/demos/human_baseline/record_human_demos/lunarlander/session_3_ext700_ret_only_top10,submitted
ret_only,10,9,698302,/scratch/marzii/imitation_runs/demos/human_baseline/record_human_demos/lunarlander/session_3_ext700_ret_only_top10,submitted
ret_ad,10,0,698303,/scratch/marzii/imitation_runs/demos/human_baseline/record_human_demos/lunarlander/session_3_ext700_ret_ad_top10,submitted
ret_ad,10,1,698304,/scratch/marzii/imitation_runs/demos/human_baseline/record_human_demos/lunarlander/session_3_ext700_ret_ad_top10,submitted
ret_ad,10,2,698305,/scratch/marzii/imitation_runs/demos/human_baseline/record_human_demos/lunarlander/session_3_ext700_ret_ad_top10,submitted
ret_ad,10,3,698306,/scratch/marzii/imitation_runs/demos/human_baseline/record_human_demos/lunarlander/session_3_ext700_ret_ad_top10,submitted
ret_ad,10,4,698307,/scratch/marzii/imitation_runs/demos/human_baseline/record_human_demos/lunarlander/session_3_ext700_ret_ad_top10,submitted
ret_ad,10,5,698308,/scratch/marzii/imitation_runs/demos/human_baseline/record_human_demos/lunarlander/session_3_ext700_ret_ad_top10,submitted
ret_ad,10,6,698309,/scratch/marzii/imitation_runs/demos/human_baseline/record_human_demos/lunarlander/session_3_ext700_ret_ad_top10,submitted
ret_ad,10,7,698310,/scratch/marzii/imitation_runs/demos/human_baseline/record_human_demos/lunarlander/session_3_ext700_ret_ad_top10,submitted
ret_ad,10,8,698311,/scratch/marzii/imitation_runs/demos/human_baseline/record_human_demos/lunarlander/session_3_ext700_ret_ad_top10,submitted
ret_ad,10,9,698312,/scratch/marzii/imitation_runs/demos/human_baseline/record_human_demos/lunarlander/session_3_ext700_ret_ad_top10,submitted
ret_ae,10,0,698313,/scratch/marzii/imitation_runs/demos/human_baseline/record_human_demos/lunarlander/session_3_ext700_ret_ae_top10,submitted
ret_ae,10,1,698314,/scratch/marzii/imitation_runs/demos/human_baseline/record_human_demos/lunarlander/session_3_ext700_ret_ae_top10,submitted
ret_ae,10,2,698315,/scratch/marzii/imitation_runs/demos/human_baseline/record_human_demos/lunarlander/session_3_ext700_ret_ae_top10,submitted
ret_ae,10,3,698316,/scratch/marzii/imitation_runs/demos/human_baseline/record_human_demos/lunarlander/session_3_ext700_ret_ae_top10,submitted
ret_ae,10,4,698317,/scratch/marzii/imitation_runs/demos/human_baseline/record_human_demos/lunarlander/session_3_ext700_ret_ae_top10,submitted
ret_ae,10,5,698318,/scratch/marzii/imitation_runs/demos/human_baseline/record_human_demos/lunarlander/session_3_ext700_ret_ae_top10,submitted
ret_ae,10,6,698319,/scratch/marzii/imitation_runs/demos/human_baseline/record_human_demos/lunarlander/session_3_ext700_ret_ae_top10,submitted
ret_ae,10,7,698320,/scratch/marzii/imitation_runs/demos/human_baseline/record_human_demos/lunarlander/session_3_ext700_ret_ae_top10,submitted
ret_ae,10,8,698321,/scratch/marzii/imitation_runs/demos/human_baseline/record_human_demos/lunarlander/session_3_ext700_ret_ae_top10,submitted
ret_ae,10,9,698322,/scratch/marzii/imitation_runs/demos/human_baseline/record_human_demos/lunarlander/session_3_ext700_ret_ae_top10,submitted
ret_sad,10,0,698323,/scratch/marzii/imitation_runs/demos/human_baseline/record_human_demos/lunarlander/session_3_ext700_ret_sad_top10,submitted
ret_sad,10,1,698324,/scratch/marzii/imitation_runs/demos/human_baseline/record_human_demos/lunarlander/session_3_ext700_ret_sad_top10,submitted
ret_sad,10,2,698325,/scratch/marzii/imitation_runs/demos/human_baseline/record_human_demos/lunarlander/session_3_ext700_ret_sad_top10,submitted
ret_sad,10,3,698326,/scratch/marzii/imitation_runs/demos/human_baseline/record_human_demos/lunarlander/session_3_ext700_ret_sad_top10,submitted
ret_sad,10,4,698327,/scratch/marzii/imitation_runs/demos/human_baseline/record_human_demos/lunarlander/session_3_ext700_ret_sad_top10,submitted
ret_sad,10,5,698328,/scratch/marzii/imitation_runs/demos/human_baseline/record_human_demos/lunarlander/session_3_ext700_ret_sad_top10,submitted
ret_sad,10,6,698329,/scratch/marzii/imitation_runs/demos/human_baseline/record_human_demos/lunarlander/session_3_ext700_ret_sad_top10,submitted
ret_sad,10,7,698330,/scratch/marzii/imitation_runs/demos/human_baseline/record_human_demos/lunarlander/session_3_ext700_ret_sad_top10,submitted
ret_sad,10,8,698331,/scratch/marzii/imitation_runs/demos/human_baseline/record_human_demos/lunarlander/session_3_ext700_ret_sad_top10,submitted
ret_sad,10,9,698332,/scratch/marzii/imitation_runs/demos/human_baseline/record_human_demos/lunarlander/session_3_ext700_ret_sad_top10,submitted
ret_sae,10,0,698333,/scratch/marzii/imitation_runs/demos/human_baseline/record_human_demos/lunarlander/session_3_ext700_ret_sae_top10,submitted
ret_sae,10,1,698334,/scratch/marzii/imitation_runs/demos/human_baseline/record_human_demos/lunarlander/session_3_ext700_ret_sae_top10,submitted
ret_sae,10,2,698335,/scratch/marzii/imitation_runs/demos/human_baseline/record_human_demos/lunarlander/session_3_ext700_ret_sae_top10,submitted
ret_sae,10,3,698336,/scratch/marzii/imitation_runs/demos/human_baseline/record_human_demos/lunarlander/session_3_ext700_ret_sae_top10,submitted
ret_sae,10,4,698337,/scratch/marzii/imitation_runs/demos/human_baseline/record_human_demos/lunarlander/session_3_ext700_ret_sae_top10,submitted
ret_sae,10,5,698338,/scratch/marzii/imitation_runs/demos/human_baseline/record_human_demos/lunarlander/session_3_ext700_ret_sae_top10,submitted
ret_sae,10,6,698339,/scratch/marzii/imitation_runs/demos/human_baseline/record_human_demos/lunarlander/session_3_ext700_ret_sae_top10,submitted
ret_sae,10,7,698340,/scratch/marzii/imitation_runs/demos/human_baseline/record_human_demos/lunarlander/session_3_ext700_ret_sae_top10,submitted
ret_sae,10,8,698341,/scratch/marzii/imitation_runs/demos/human_baseline/record_human_demos/lunarlander/session_3_ext700_ret_sae_top10,submitted
ret_sae,10,9,698342,/scratch/marzii/imitation_runs/demos/human_baseline/record_human_demos/lunarlander/session_3_ext700_ret_sae_top10,submitted
ret_cdad,10,0,698343,/scratch/marzii/imitation_runs/demos/human_baseline/record_human_demos/lunarlander/session_3_ext700_ret_cdad_top10,submitted
ret_cdad,10,1,698344,/scratch/marzii/imitation_runs/demos/human_baseline/record_human_demos/lunarlander/session_3_ext700_ret_cdad_top10,submitted
ret_cdad,10,2,698345,/scratch/marzii/imitation_runs/demos/human_baseline/record_human_demos/lunarlander/session_3_ext700_ret_cdad_top10,submitted
ret_cdad,10,3,698346,/scratch/marzii/imitation_runs/demos/human_baseline/record_human_demos/lunarlander/session_3_ext700_ret_cdad_top10,submitted
ret_cdad,10,4,698347,/scratch/marzii/imitation_runs/demos/human_baseline/record_human_demos/lunarlander/session_3_ext700_ret_cdad_top10,submitted
ret_cdad,10,5,698348,/scratch/marzii/imitation_runs/demos/human_baseline/record_human_demos/lunarlander/session_3_ext700_ret_cdad_top10,submitted
ret_cdad,10,6,698349,/scratch/marzii/imitation_runs/demos/human_baseline/record_human_demos/lunarlander/session_3_ext700_ret_cdad_top10,submitted
ret_cdad,10,7,698350,/scratch/marzii/imitation_runs/demos/human_baseline/record_human_demos/lunarlander/session_3_ext700_ret_cdad_top10,submitted
ret_cdad,10,8,698351,/scratch/marzii/imitation_runs/demos/human_baseline/record_human_demos/lunarlander/session_3_ext700_ret_cdad_top10,submitted
ret_cdad,10,9,698352,/scratch/marzii/imitation_runs/demos/human_baseline/record_human_demos/lunarlander/session_3_ext700_ret_cdad_top10,submitted
ret_cdae,10,0,698353,/scratch/marzii/imitation_runs/demos/human_baseline/record_human_demos/lunarlander/session_3_ext700_ret_cdae_top10,submitted
ret_cdae,10,1,698354,/scratch/marzii/imitation_runs/demos/human_baseline/record_human_demos/lunarlander/session_3_ext700_ret_cdae_top10,submitted
ret_cdae,10,2,698355,/scratch/marzii/imitation_runs/demos/human_baseline/record_human_demos/lunarlander/session_3_ext700_ret_cdae_top10,submitted
ret_cdae,10,3,698356,/scratch/marzii/imitation_runs/demos/human_baseline/record_human_demos/lunarlander/session_3_ext700_ret_cdae_top10,submitted
ret_cdae,10,4,698357,/scratch/marzii/imitation_runs/demos/human_baseline/record_human_demos/lunarlander/session_3_ext700_ret_cdae_top10,submitted
ret_cdae,10,5,698358,/scratch/marzii/imitation_runs/demos/human_baseline/record_human_demos/lunarlander/session_3_ext700_ret_cdae_top10,submitted
ret_cdae,10,6,698359,/scratch/marzii/imitation_runs/demos/human_baseline/record_human_demos/lunarlander/session_3_ext700_ret_cdae_top10,submitted
ret_cdae,10,7,698360,/scratch/marzii/imitation_runs/demos/human_baseline/record_human_demos/lunarlander/session_3_ext700_ret_cdae_top10,submitted
ret_cdae,10,8,698361,/scratch/marzii/imitation_runs/demos/human_baseline/record_human_demos/lunarlander/session_3_ext700_ret_cdae_top10,submitted
ret_cdae,10,9,698362,/scratch/marzii/imitation_runs/demos/human_baseline/record_human_demos/lunarlander/session_3_ext700_ret_cdae_top10,submitted
