condition,knn_k,K,seed,slurm_job_id,demo_path
adxy,15,50,0,766890,/scratch/marzii/imitation_runs/demos/human_baseline/record_human_demos/lunarlander/session_3_ext700_ret_adxy_top50
adxy,15,50,1,766891,/scratch/marzii/imitation_runs/demos/human_baseline/record_human_demos/lunarlander/session_3_ext700_ret_adxy_top50
adxy,15,50,2,766892,/scratch/marzii/imitation_runs/demos/human_baseline/record_human_demos/lunarlander/session_3_ext700_ret_adxy_top50
adxy,15,50,3,766893,/scratch/marzii/imitation_runs/demos/human_baseline/record_human_demos/lunarlander/session_3_ext700_ret_adxy_top50
adxy,15,50,4,766894,/scratch/marzii/imitation_runs/demos/human_baseline/record_human_demos/lunarlander/session_3_ext700_ret_adxy_top50
adxy,15,50,5,766895,/scratch/marzii/imitation_runs/demos/human_baseline/record_human_demos/lunarlander/session_3_ext700_ret_adxy_top50
adxy,15,50,6,766896,/scratch/marzii/imitation_runs/demos/human_baseline/record_human_demos/lunarlander/session_3_ext700_ret_adxy_top50
adxy,15,50,7,766897,/scratch/marzii/imitation_runs/demos/human_baseline/record_human_demos/lunarlander/session_3_ext700_ret_adxy_top50
adxy,15,50,8,766898,/scratch/marzii/imitation_runs/demos/human_baseline/record_human_demos/lunarlander/session_3_ext700_ret_adxy_top50
adxy,15,50,9,766899,/scratch/marzii/imitation_runs/demos/human_baseline/record_human_demos/lunarlander/session_3_ext700_ret_adxy_top50
adxy,15,100,0,766900,/scratch/marzii/imitation_runs/demos/human_baseline/record_human_demos/lunarlander/session_3_ext700_ret_adxy_top100
adxy,15,100,1,766901,/scratch/marzii/imitation_runs/demos/human_baseline/record_human_demos/lunarlander/session_3_ext700_ret_adxy_top100
adxy,15,100,2,766902,/scratch/marzii/imitation_runs/demos/human_baseline/record_human_demos/lunarlander/session_3_ext700_ret_adxy_top100
adxy,15,100,3,766903,/scratch/marzii/imitation_runs/demos/human_baseline/record_human_demos/lunarlander/session_3_ext700_ret_adxy_top100
adxy,15,100,4,766904,/scratch/marzii/imitation_runs/demos/human_baseline/record_human_demos/lunarlander/session_3_ext700_ret_adxy_top100
adxy,15,100,5,766905,/scratch/marzii/imitation_runs/demos/human_baseline/record_human_demos/lunarlander/session_3_ext700_ret_adxy_top100
adxy,15,100,6,766906,/scratch/marzii/imitation_runs/demos/human_baseline/record_human_demos/lunarlander/session_3_ext700_ret_adxy_top100
adxy,15,100,7,766907,/scratch/marzii/imitation_runs/demos/human_baseline/record_human_demos/lunarlander/session_3_ext700_ret_adxy_top100
adxy,15,100,8,766908,/scratch/marzii/imitation_runs/demos/human_baseline/record_human_demos/lunarlander/session_3_ext700_ret_adxy_top100
adxy,15,100,9,766909,/scratch/marzii/imitation_runs/demos/human_baseline/record_human_demos/lunarlander/session_3_ext700_ret_adxy_top100
adxy,50,10,0,766910,/scratch/marzii/imitation_runs/demos/human_baseline/record_human_demos/lunarlander/session_3_ext700_ret_adxyk50_top10
adxy,50,10,1,766911,/scratch/marzii/imitation_runs/demos/human_baseline/record_human_demos/lunarlander/session_3_ext700_ret_adxyk50_top10
adxy,50,10,2,766912,/scratch/marzii/imitation_runs/demos/human_baseline/record_human_demos/lunarlander/session_3_ext700_ret_adxyk50_top10
adxy,50,10,3,766913,/scratch/marzii/imitation_runs/demos/human_baseline/record_human_demos/lunarlander/session_3_ext700_ret_adxyk50_top10
adxy,50,10,4,766914,/scratch/marzii/imitation_runs/demos/human_baseline/record_human_demos/lunarlander/session_3_ext700_ret_adxyk50_top10
adxy,50,10,5,766915,/scratch/marzii/imitation_runs/demos/human_baseline/record_human_demos/lunarlander/session_3_ext700_ret_adxyk50_top10
adxy,50,10,6,766916,/scratch/marzii/imitation_runs/demos/human_baseline/record_human_demos/lunarlander/session_3_ext700_ret_adxyk50_top10
adxy,50,10,7,766917,/scratch/marzii/imitation_runs/demos/human_baseline/record_human_demos/lunarlander/session_3_ext700_ret_adxyk50_top10
adxy,50,10,8,766918,/scratch/marzii/imitation_runs/demos/human_baseline/record_human_demos/lunarlander/session_3_ext700_ret_adxyk50_top10
adxy,50,10,9,766919,/scratch/marzii/imitation_runs/demos/human_baseline/record_human_demos/lunarlander/session_3_ext700_ret_adxyk50_top10
adxy,50,50,0,766920,/scratch/marzii/imitation_runs/demos/human_baseline/record_human_demos/lunarlander/session_3_ext700_ret_adxyk50_top50
adxy,50,50,1,766921,/scratch/marzii/imitation_runs/demos/human_baseline/record_human_demos/lunarlander/session_3_ext700_ret_adxyk50_top50
adxy,50,50,2,766922,/scratch/marzii/imitation_runs/demos/human_baseline/record_human_demos/lunarlander/session_3_ext700_ret_adxyk50_top50
adxy,50,50,3,766923,/scratch/marzii/imitation_runs/demos/human_baseline/record_human_demos/lunarlander/session_3_ext700_ret_adxyk50_top50
adxy,50,50,4,766924,/scratch/marzii/imitation_runs/demos/human_baseline/record_human_demos/lunarlander/session_3_ext700_ret_adxyk50_top50
adxy,50,50,5,766925,/scratch/marzii/imitation_runs/demos/human_baseline/record_human_demos/lunarlander/session_3_ext700_ret_adxyk50_top50
adxy,50,50,6,766926,/scratch/marzii/imitation_runs/demos/human_baseline/record_human_demos/lunarlander/session_3_ext700_ret_adxyk50_top50
adxy,50,50,7,766927,/scratch/marzii/imitation_runs/demos/human_baseline/record_human_demos/lunarlander/session_3_ext700_ret_adxyk50_top50
adxy,50,50,8,766928,/scratch/marzii/imitation_runs/demos/human_baseline/record_human_demos/lunarlander/session_3_ext700_ret_adxyk50_top50
adxy,50,50,9,766929,/scratch/marzii/imitation_runs/demos/human_baseline/record_human_demos/lunarlander/session_3_ext700_ret_adxyk50_top50
adxy,50,100,0,766930,/scratch/marzii/imitation_runs/demos/human_baseline/record_human_demos/lunarlander/session_3_ext700_ret_adxyk50_top100
adxy,50,100,1,766931,/scratch/marzii/imitation_runs/demos/human_baseline/record_human_demos/lunarlander/session_3_ext700_ret_adxyk50_top100
adxy,50,100,2,766932,/scratch/marzii/imitation_runs/demos/human_baseline/record_human_demos/lunarlander/session_3_ext700_ret_adxyk50_top100
adxy,50,100,3,766933,/scratch/marzii/imitation_runs/demos/human_baseline/record_human_demos/lunarlander/session_3_ext700_ret_adxyk50_top100
adxy,50,100,4,766934,/scratch/marzii/imitation_runs/demos/human_baseline/record_human_demos/lunarlander/session_3_ext700_ret_adxyk50_top100
adxy,50,100,5,766935,/scratch/marzii/imitation_runs/demos/human_baseline/record_human_demos/lunarlander/session_3_ext700_ret_adxyk50_top100
adxy,50,100,6,766936,/scratch/marzii/imitation_runs/demos/human_baseline/record_human_demos/lunarlander/session_3_ext700_ret_adxyk50_top100
adxy,50,100,7,766937,/scratch/marzii/imitation_runs/demos/human_baseline/record_human_demos/lunarlander/session_3_ext700_ret_adxyk50_top100
adxy,50,100,8,766938,/scratch/marzii/imitation_runs/demos/human_baseline/record_human_demos/lunarlander/session_3_ext700_ret_adxyk50_top100
adxy,50,100,9,766939,/scratch/marzii/imitation_runs/demos/human_baseline/record_human_demos/lunarlander/session_3_ext700_ret_adxyk50_top100
adxy,100,10,0,766940,/scratch/marzii/imitation_runs/demos/human_baseline/record_human_demos/lunarlander/session_3_ext700_ret_adxyk100_top10
adxy,100,10,1,766941,/scratch/marzii/imitation_runs/demos/human_baseline/record_human_demos/lunarlander/session_3_ext700_ret_adxyk100_top10
adxy,100,10,2,766942,/scratch/marzii/imitation_runs/demos/human_baseline/record_human_demos/lunarlander/session_3_ext700_ret_adxyk100_top10
adxy,100,10,3,766943,/scratch/marzii/imitation_runs/demos/human_baseline/record_human_demos/lunarlander/session_3_ext700_ret_adxyk100_top10
adxy,100,10,4,766944,/scratch/marzii/imitation_runs/demos/human_baseline/record_human_demos/lunarlander/session_3_ext700_ret_adxyk100_top10
adxy,100,10,5,766945,/scratch/marzii/imitation_runs/demos/human_baseline/record_human_demos/lunarlander/session_3_ext700_ret_adxyk100_top10
adxy,100,10,6,766946,/scratch/marzii/imitation_runs/demos/human_baseline/record_human_demos/lunarlander/session_3_ext700_ret_adxyk100_top10
adxy,100,10,7,766947,/scratch/marzii/imitation_runs/demos/human_baseline/record_human_demos/lunarlander/session_3_ext700_ret_adxyk100_top10
adxy,100,10,8,766948,/scratch/marzii/imitation_runs/demos/human_baseline/record_human_demos/lunarlander/session_3_ext700_ret_adxyk100_top10
adxy,100,10,9,766949,/scratch/marzii/imitation_runs/demos/human_baseline/record_human_demos/lunarlander/session_3_ext700_ret_adxyk100_top10
adxy,100,50,0,766950,/scratch/marzii/imitation_runs/demos/human_baseline/record_human_demos/lunarlander/session_3_ext700_ret_adxyk100_top50
adxy,100,50,1,766951,/scratch/marzii/imitation_runs/demos/human_baseline/record_human_demos/lunarlander/session_3_ext700_ret_adxyk100_top50
adxy,100,50,2,766952,/scratch/marzii/imitation_runs/demos/human_baseline/record_human_demos/lunarlander/session_3_ext700_ret_adxyk100_top50
adxy,100,50,3,766953,/scratch/marzii/imitation_runs/demos/human_baseline/record_human_demos/lunarlander/session_3_ext700_ret_adxyk100_top50
adxy,100,50,4,766954,/scratch/marzii/imitation_runs/demos/human_baseline/record_human_demos/lunarlander/session_3_ext700_ret_adxyk100_top50
adxy,100,50,5,766955,/scratch/marzii/imitation_runs/demos/human_baseline/record_human_demos/lunarlander/session_3_ext700_ret_adxyk100_top50
adxy,100,50,6,766956,/scratch/marzii/imitation_runs/demos/human_baseline/record_human_demos/lunarlander/session_3_ext700_ret_adxyk100_top50
adxy,100,50,7,766957,/scratch/marzii/imitation_runs/demos/human_baseline/record_human_demos/lunarlander/session_3_ext700_ret_adxyk100_top50
adxy,100,50,8,766958,/scratch/marzii/imitation_runs/demos/human_baseline/record_human_demos/lunarlander/session_3_ext700_ret_adxyk100_top50
adxy,100,50,9,766959,/scratch/marzii/imitation_runs/demos/human_baseline/record_human_demos/lunarlander/session_3_ext700_ret_adxyk100_top50
adxy,100,100,0,766960,/scratch/marzii/imitation_runs/demos/human_baseline/record_human_demos/lunarlander/session_3_ext700_ret_adxyk100_top100
adxy,100,100,1,766961,/scratch/marzii/imitation_runs/demos/human_baseline/record_human_demos/lunarlander/session_3_ext700_ret_adxyk100_top100
adxy,100,100,2,766962,/scratch/marzii/imitation_runs/demos/human_baseline/record_human_demos/lunarlander/session_3_ext700_ret_adxyk100_top100
adxy,100,100,3,766963,/scratch/marzii/imitation_runs/demos/human_baseline/record_human_demos/lunarlander/session_3_ext700_ret_adxyk100_top100
adxy,100,100,4,766964,/scratch/marzii/imitation_runs/demos/human_baseline/record_human_demos/lunarlander/session_3_ext700_ret_adxyk100_top100
adxy,100,100,5,766965,/scratch/marzii/imitation_runs/demos/human_baseline/record_human_demos/lunarlander/session_3_ext700_ret_adxyk100_top100
adxy,100,100,6,766966,/scratch/marzii/imitation_runs/demos/human_baseline/record_human_demos/lunarlander/session_3_ext700_ret_adxyk100_top100
adxy,100,100,7,766967,/scratch/marzii/imitation_runs/demos/human_baseline/record_human_demos/lunarlander/session_3_ext700_ret_adxyk100_top100
adxy,100,100,8,766968,/scratch/marzii/imitation_runs/demos/human_baseline/record_human_demos/lunarlander/session_3_ext700_ret_adxyk100_top100
adxy,100,100,9,766969,/scratch/marzii/imitation_runs/demos/human_baseline/record_human_demos/lunarlander/session_3_ext700_ret_adxyk100_top100
ad,100,200,0,766970,/scratch/marzii/imitation_runs/demos/human_baseline/record_human_demos/lunarlander/session_3_ext700_ret_adk100_top200
ad,100,200,1,766971,/scratch/marzii/imitation_runs/demos/human_baseline/record_human_demos/lunarlander/session_3_ext700_ret_adk100_top200
ad,100,200,2,766972,/scratch/marzii/imitation_runs/demos/human_baseline/record_human_demos/lunarlander/session_3_ext700_ret_adk100_top200
ad,100,200,3,766973,/scratch/marzii/imitation_runs/demos/human_baseline/record_human_demos/lunarlander/session_3_ext700_ret_adk100_top200
ad,100,200,4,766974,/scratch/marzii/imitation_runs/demos/human_baseline/record_human_demos/lunarlander/session_3_ext700_ret_adk100_top200
ad,100,200,5,766975,/scratch/marzii/imitation_runs/demos/human_baseline/record_human_demos/lunarlander/session_3_ext700_ret_adk100_top200
ad,100,200,6,766976,/scratch/marzii/imitation_runs/demos/human_baseline/record_human_demos/lunarlander/session_3_ext700_ret_adk100_top200
ad,100,200,7,766977,/scratch/marzii/imitation_runs/demos/human_baseline/record_human_demos/lunarlander/session_3_ext700_ret_adk100_top200
ad,100,200,8,766978,/scratch/marzii/imitation_runs/demos/human_baseline/record_human_demos/lunarlander/session_3_ext700_ret_adk100_top200
ad,100,200,9,766979,/scratch/marzii/imitation_runs/demos/human_baseline/record_human_demos/lunarlander/session_3_ext700_ret_adk100_top200
ad,100,300,0,766980,/scratch/marzii/imitation_runs/demos/human_baseline/record_human_demos/lunarlander/session_3_ext700_ret_adk100_top300
ad,100,300,1,766981,/scratch/marzii/imitation_runs/demos/human_baseline/record_human_demos/lunarlander/session_3_ext700_ret_adk100_top300
ad,100,300,2,766982,/scratch/marzii/imitation_runs/demos/human_baseline/record_human_demos/lunarlander/session_3_ext700_ret_adk100_top300
ad,100,300,3,766983,/scratch/marzii/imitation_runs/demos/human_baseline/record_human_demos/lunarlander/session_3_ext700_ret_adk100_top300
ad,100,300,4,766984,/scratch/marzii/imitation_runs/demos/human_baseline/record_human_demos/lunarlander/session_3_ext700_ret_adk100_top300
ad,100,300,5,766985,/scratch/marzii/imitation_runs/demos/human_baseline/record_human_demos/lunarlander/session_3_ext700_ret_adk100_top300
ad,100,300,6,766986,/scratch/marzii/imitation_runs/demos/human_baseline/record_human_demos/lunarlander/session_3_ext700_ret_adk100_top300
ad,100,300,7,766987,/scratch/marzii/imitation_runs/demos/human_baseline/record_human_demos/lunarlander/session_3_ext700_ret_adk100_top300
ad,100,300,8,766988,/scratch/marzii/imitation_runs/demos/human_baseline/record_human_demos/lunarlander/session_3_ext700_ret_adk100_top300
ad,100,300,9,766989,/scratch/marzii/imitation_runs/demos/human_baseline/record_human_demos/lunarlander/session_3_ext700_ret_adk100_top300
