condition_id,N,noise_pct,seed,slurm_job_id,demo_path,status,demo_alignment,agent_alignment,eval_reward_mean,eval_reward_std,last10_tb_reward
count_N1,1,0,0,5292359,/scratch/marzii/imitation_runs/demos/noisy_demos/lunarlander/expert_4615187/n100_p0_clean,done,1.0000,0.4415,254.64,36.94,180.13
count_N1,1,0,1,5292360,/scratch/marzii/imitation_runs/demos/noisy_demos/lunarlander/expert_4615187/n100_p0_clean,done,1.0000,0.4151,172.27,52.61,162.29
count_N1,1,0,2,5292361,/scratch/marzii/imitation_runs/demos/noisy_demos/lunarlander/expert_4615187/n100_p0_clean,done,1.0000,0.4305,245.10,49.60,165.27
count_N1,1,0,3,5292362,/scratch/marzii/imitation_runs/demos/noisy_demos/lunarlander/expert_4615187/n100_p0_clean,done,1.0000,0.4477,232.41,68.68,140.33
count_N1,1,0,4,5292363,/scratch/marzii/imitation_runs/demos/noisy_demos/lunarlander/expert_4615187/n100_p0_clean,done,1.0000,0.4815,225.29,72.81,165.20
count_N1,1,0,5,5292364,/scratch/marzii/imitation_runs/demos/noisy_demos/lunarlander/expert_4615187/n100_p0_clean,done,1.0000,0.5904,230.78,80.20,176.62
count_N1,1,0,6,5292365,/scratch/marzii/imitation_runs/demos/noisy_demos/lunarlander/expert_4615187/n100_p0_clean,done,1.0000,0.5442,244.53,55.99,149.02
count_N1,1,0,7,5292366,/scratch/marzii/imitation_runs/demos/noisy_demos/lunarlander/expert_4615187/n100_p0_clean,done,1.0000,0.6309,188.28,132.81,129.18
count_N1,1,0,8,5292367,/scratch/marzii/imitation_runs/demos/noisy_demos/lunarlander/expert_4615187/n100_p0_clean,done,1.0000,0.4203,160.03,152.47,123.91
count_N1,1,0,9,5292368,/scratch/marzii/imitation_runs/demos/noisy_demos/lunarlander/expert_4615187/n100_p0_clean,done,1.0000,0.6192,226.92,79.44,169.59
count_N1,1,0,10,5292369,/scratch/marzii/imitation_runs/demos/noisy_demos/lunarlander/expert_4615187/n100_p0_clean,done,1.0000,0.5154,95.64,254.06,47.41
count_N1,1,0,11,5292370,/scratch/marzii/imitation_runs/demos/noisy_demos/lunarlander/expert_4615187/n100_p0_clean,done,1.0000,0.3917,211.21,55.99,162.13
count_N1,1,0,12,5292371,/scratch/marzii/imitation_runs/demos/noisy_demos/lunarlander/expert_4615187/n100_p0_clean,done,1.0000,0.5920,189.41,117.21,134.91
count_N1,1,0,13,5292372,/scratch/marzii/imitation_runs/demos/noisy_demos/lunarlander/expert_4615187/n100_p0_clean,done,1.0000,0.4967,207.82,133.62,145.20
count_N1,1,0,14,5292373,/scratch/marzii/imitation_runs/demos/noisy_demos/lunarlander/expert_4615187/n100_p0_clean,done,1.0000,0.5405,198.18,68.30,164.19
count_N1,1,0,15,5292374,/scratch/marzii/imitation_runs/demos/noisy_demos/lunarlander/expert_4615187/n100_p0_clean,done,1.0000,0.6216,254.83,48.69,191.95
count_N1,1,0,16,5292375,/scratch/marzii/imitation_runs/demos/noisy_demos/lunarlander/expert_4615187/n100_p0_clean,done,1.0000,0.5901,230.10,79.40,178.62
count_N1,1,0,17,5292376,/scratch/marzii/imitation_runs/demos/noisy_demos/lunarlander/expert_4615187/n100_p0_clean,done,1.0000,0.5018,244.77,84.90,183.71
count_N1,1,0,18,5292377,/scratch/marzii/imitation_runs/demos/noisy_demos/lunarlander/expert_4615187/n100_p0_clean,done,1.0000,0.5491,172.05,147.53,114.78
count_N1,1,0,19,5292378,/scratch/marzii/imitation_runs/demos/noisy_demos/lunarlander/expert_4615187/n100_p0_clean,done,1.0000,0.5350,212.80,61.98,164.77
count_N1,1,0,20,5292379,/scratch/marzii/imitation_runs/demos/noisy_demos/lunarlander/expert_4615187/n100_p0_clean,done,1.0000,0.5259,180.61,107.75,136.85
count_N1,1,0,21,5292380,/scratch/marzii/imitation_runs/demos/noisy_demos/lunarlander/expert_4615187/n100_p0_clean,done,1.0000,0.5132,241.81,55.94,177.24
count_N1,1,0,22,5292381,/scratch/marzii/imitation_runs/demos/noisy_demos/lunarlander/expert_4615187/n100_p0_clean,done,1.0000,0.5617,238.22,74.00,167.58
count_N1,1,0,23,5292382,/scratch/marzii/imitation_runs/demos/noisy_demos/lunarlander/expert_4615187/n100_p0_clean,done,1.0000,0.5711,243.56,59.29,174.04
count_N1,1,0,24,5292383,/scratch/marzii/imitation_runs/demos/noisy_demos/lunarlander/expert_4615187/n100_p0_clean,done,1.0000,0.4963,182.73,119.32,154.09
count_N1,1,0,25,5292384,/scratch/marzii/imitation_runs/demos/noisy_demos/lunarlander/expert_4615187/n100_p0_clean,done,1.0000,0.4978,197.40,88.12,168.49
count_N1,1,0,26,5292385,/scratch/marzii/imitation_runs/demos/noisy_demos/lunarlander/expert_4615187/n100_p0_clean,done,1.0000,0.4669,239.32,54.09,160.05
count_N1,1,0,27,5292386,/scratch/marzii/imitation_runs/demos/noisy_demos/lunarlander/expert_4615187/n100_p0_clean,done,1.0000,0.4972,230.80,62.65,174.50
count_N1,1,0,28,5292387,/scratch/marzii/imitation_runs/demos/noisy_demos/lunarlander/expert_4615187/n100_p0_clean,done,1.0000,0.5190,241.86,55.77,180.60
count_N1,1,0,29,5292388,/scratch/marzii/imitation_runs/demos/noisy_demos/lunarlander/expert_4615187/n100_p0_clean,done,1.0000,0.4317,156.59,55.48,140.98
count_N5,5,0,0,5292389,/scratch/marzii/imitation_runs/demos/noisy_demos/lunarlander/expert_4615187/n100_p0_clean,done,1.0000,0.7572,266.55,34.83,207.50
count_N5,5,0,1,5292390,/scratch/marzii/imitation_runs/demos/noisy_demos/lunarlander/expert_4615187/n100_p0_clean,done,1.0000,0.7146,276.63,18.54,198.24
count_N5,5,0,2,5292391,/scratch/marzii/imitation_runs/demos/noisy_demos/lunarlander/expert_4615187/n100_p0_clean,done,1.0000,0.5253,269.00,19.36,196.36
count_N5,5,0,3,5292392,/scratch/marzii/imitation_runs/demos/noisy_demos/lunarlander/expert_4615187/n100_p0_clean,done,1.0000,0.6705,270.03,22.46,195.80
count_N5,5,0,4,5292393,/scratch/marzii/imitation_runs/demos/noisy_demos/lunarlander/expert_4615187/n100_p0_clean,done,1.0000,0.8039,248.90,54.09,207.61
count_N5,5,0,5,5292394,/scratch/marzii/imitation_runs/demos/noisy_demos/lunarlander/expert_4615187/n100_p0_clean,done,1.0000,0.5520,236.00,68.06,179.85
count_N5,5,0,6,5292395,/scratch/marzii/imitation_runs/demos/noisy_demos/lunarlander/expert_4615187/n100_p0_clean,done,1.0000,0.8074,258.97,31.92,200.01
count_N5,5,0,7,5292396,/scratch/marzii/imitation_runs/demos/noisy_demos/lunarlander/expert_4615187/n100_p0_clean,done,1.0000,0.7869,269.60,18.26,196.47
count_N5,5,0,8,5292397,/scratch/marzii/imitation_runs/demos/noisy_demos/lunarlander/expert_4615187/n100_p0_clean,done,1.0000,0.7499,268.35,19.73,186.32
count_N5,5,0,9,5292398,/scratch/marzii/imitation_runs/demos/noisy_demos/lunarlander/expert_4615187/n100_p0_clean,done,1.0000,0.7634,267.54,34.98,196.74
count_N5,5,0,10,5292399,/scratch/marzii/imitation_runs/demos/noisy_demos/lunarlander/expert_4615187/n100_p0_clean,done,1.0000,0.6864,266.44,35.36,192.78
count_N5,5,0,11,5292400,/scratch/marzii/imitation_runs/demos/noisy_demos/lunarlander/expert_4615187/n100_p0_clean,done,1.0000,0.6234,251.74,52.08,188.55
count_N5,5,0,12,5292401,/scratch/marzii/imitation_runs/demos/noisy_demos/lunarlander/expert_4615187/n100_p0_clean,done,1.0000,0.6548,261.89,27.50,203.68
count_N5,5,0,13,5292402,/scratch/marzii/imitation_runs/demos/noisy_demos/lunarlander/expert_4615187/n100_p0_clean,done,1.0000,0.7044,258.53,30.56,188.13
count_N5,5,0,14,5292403,/scratch/marzii/imitation_runs/demos/noisy_demos/lunarlander/expert_4615187/n100_p0_clean,done,1.0000,0.6340,260.12,49.90,183.49
count_N5,5,0,15,5292404,/scratch/marzii/imitation_runs/demos/noisy_demos/lunarlander/expert_4615187/n100_p0_clean,done,1.0000,0.6474,251.22,46.06,202.62
count_N5,5,0,16,5292405,/scratch/marzii/imitation_runs/demos/noisy_demos/lunarlander/expert_4615187/n100_p0_clean,done,1.0000,0.7280,266.50,21.40,192.16
count_N5,5,0,17,5292406,/scratch/marzii/imitation_runs/demos/noisy_demos/lunarlander/expert_4615187/n100_p0_clean,done,1.0000,0.7640,267.25,30.49,189.34
count_N5,5,0,18,5292407,/scratch/marzii/imitation_runs/demos/noisy_demos/lunarlander/expert_4615187/n100_p0_clean,done,1.0000,0.8198,271.71,23.05,205.62
count_N5,5,0,19,5292408,/scratch/marzii/imitation_runs/demos/noisy_demos/lunarlander/expert_4615187/n100_p0_clean,done,1.0000,0.7486,265.49,27.18,197.15
count_N5,5,0,20,5292409,/scratch/marzii/imitation_runs/demos/noisy_demos/lunarlander/expert_4615187/n100_p0_clean,done,1.0000,0.7705,269.67,38.84,213.29
count_N5,5,0,21,5292410,/scratch/marzii/imitation_runs/demos/noisy_demos/lunarlander/expert_4615187/n100_p0_clean,done,1.0000,0.7591,267.75,21.18,199.59
count_N5,5,0,22,5292411,/scratch/marzii/imitation_runs/demos/noisy_demos/lunarlander/expert_4615187/n100_p0_clean,done,1.0000,0.7392,269.43,22.76,197.78
count_N5,5,0,23,5292412,/scratch/marzii/imitation_runs/demos/noisy_demos/lunarlander/expert_4615187/n100_p0_clean,done,1.0000,0.5495,260.70,29.16,190.18
count_N5,5,0,24,5292413,/scratch/marzii/imitation_runs/demos/noisy_demos/lunarlander/expert_4615187/n100_p0_clean,done,1.0000,0.6582,269.94,20.17,187.45
count_N5,5,0,25,5292414,/scratch/marzii/imitation_runs/demos/noisy_demos/lunarlander/expert_4615187/n100_p0_clean,done,1.0000,0.6111,243.81,45.76,186.24
count_N5,5,0,26,5292415,/scratch/marzii/imitation_runs/demos/noisy_demos/lunarlander/expert_4615187/n100_p0_clean,done,1.0000,0.7845,267.74,22.56,192.13
count_N5,5,0,27,5292416,/scratch/marzii/imitation_runs/demos/noisy_demos/lunarlander/expert_4615187/n100_p0_clean,done,1.0000,0.6764,268.03,29.42,192.96
count_N5,5,0,28,5292417,/scratch/marzii/imitation_runs/demos/noisy_demos/lunarlander/expert_4615187/n100_p0_clean,done,1.0000,0.7248,261.97,31.41,199.12
count_N5,5,0,29,5292418,/scratch/marzii/imitation_runs/demos/noisy_demos/lunarlander/expert_4615187/n100_p0_clean,done,1.0000,0.6220,267.07,33.71,200.23
count_N10,10,0,0,5292419,/scratch/marzii/imitation_runs/demos/noisy_demos/lunarlander/expert_4615187/n100_p0_clean,done,1.0000,0.7151,240.88,59.87,198.93
count_N10,10,0,1,5292420,/scratch/marzii/imitation_runs/demos/noisy_demos/lunarlander/expert_4615187/n100_p0_clean,done,1.0000,0.5648,259.84,40.36,214.33
count_N10,10,0,2,5292421,/scratch/marzii/imitation_runs/demos/noisy_demos/lunarlander/expert_4615187/n100_p0_clean,done,1.0000,0.7465,264.17,31.00,195.78
count_N10,10,0,3,5292422,/scratch/marzii/imitation_runs/demos/noisy_demos/lunarlander/expert_4615187/n100_p0_clean,done,1.0000,0.6997,268.30,29.59,182.90
count_N10,10,0,4,5292423,/scratch/marzii/imitation_runs/demos/noisy_demos/lunarlander/expert_4615187/n100_p0_clean,done,1.0000,0.7175,252.77,40.36,200.08
count_N10,10,0,5,5292424,/scratch/marzii/imitation_runs/demos/noisy_demos/lunarlander/expert_4615187/n100_p0_clean,done,1.0000,0.7622,266.98,21.21,202.73
count_N10,10,0,6,5292425,/scratch/marzii/imitation_runs/demos/noisy_demos/lunarlander/expert_4615187/n100_p0_clean,done,1.0000,0.6626,262.56,26.63,199.34
count_N10,10,0,7,5292426,/scratch/marzii/imitation_runs/demos/noisy_demos/lunarlander/expert_4615187/n100_p0_clean,done,1.0000,0.7618,270.94,19.53,189.65
count_N10,10,0,8,5292427,/scratch/marzii/imitation_runs/demos/noisy_demos/lunarlander/expert_4615187/n100_p0_clean,done,1.0000,0.7670,264.36,31.03,212.55
count_N10,10,0,9,5292428,/scratch/marzii/imitation_runs/demos/noisy_demos/lunarlander/expert_4615187/n100_p0_clean,done,1.0000,0.6793,268.42,29.25,195.58
count_N10,10,0,10,5292429,/scratch/marzii/imitation_runs/demos/noisy_demos/lunarlander/expert_4615187/n100_p0_clean,done,1.0000,0.8478,276.28,18.49,191.59
count_N10,10,0,11,5292430,/scratch/marzii/imitation_runs/demos/noisy_demos/lunarlander/expert_4615187/n100_p0_clean,done,1.0000,0.7293,272.81,20.38,189.78
count_N10,10,0,12,5292431,/scratch/marzii/imitation_runs/demos/noisy_demos/lunarlander/expert_4615187/n100_p0_clean,done,1.0000,0.6675,237.73,52.97,185.57
count_N10,10,0,13,5292432,/scratch/marzii/imitation_runs/demos/noisy_demos/lunarlander/expert_4615187/n100_p0_clean,done,1.0000,0.6664,264.51,27.86,196.63
count_N10,10,0,14,5292433,/scratch/marzii/imitation_runs/demos/noisy_demos/lunarlander/expert_4615187/n100_p0_clean,done,1.0000,0.6359,268.45,26.70,197.03
count_N10,10,0,15,5292434,/scratch/marzii/imitation_runs/demos/noisy_demos/lunarlander/expert_4615187/n100_p0_clean,done,1.0000,0.7377,236.72,54.74,184.15
count_N10,10,0,16,5292435,/scratch/marzii/imitation_runs/demos/noisy_demos/lunarlander/expert_4615187/n100_p0_clean,done,1.0000,0.8559,257.64,40.77,188.95
count_N10,10,0,17,5292436,/scratch/marzii/imitation_runs/demos/noisy_demos/lunarlander/expert_4615187/n100_p0_clean,done,1.0000,0.7211,256.29,57.02,187.32
count_N10,10,0,18,5292437,/scratch/marzii/imitation_runs/demos/noisy_demos/lunarlander/expert_4615187/n100_p0_clean,done,1.0000,0.8054,269.17,28.84,202.99
count_N10,10,0,19,5292438,/scratch/marzii/imitation_runs/demos/noisy_demos/lunarlander/expert_4615187/n100_p0_clean,done,1.0000,0.8518,272.97,16.17,198.78
count_N10,10,0,20,5292439,/scratch/marzii/imitation_runs/demos/noisy_demos/lunarlander/expert_4615187/n100_p0_clean,done,1.0000,0.7615,273.52,19.21,209.70
count_N10,10,0,21,5292440,/scratch/marzii/imitation_runs/demos/noisy_demos/lunarlander/expert_4615187/n100_p0_clean,done,1.0000,0.7567,240.50,67.52,178.96
count_N10,10,0,22,5292441,/scratch/marzii/imitation_runs/demos/noisy_demos/lunarlander/expert_4615187/n100_p0_clean,done,1.0000,0.7681,259.58,39.88,200.36
count_N10,10,0,23,5292442,/scratch/marzii/imitation_runs/demos/noisy_demos/lunarlander/expert_4615187/n100_p0_clean,done,1.0000,0.8018,268.51,21.06,197.51
count_N10,10,0,24,5292443,/scratch/marzii/imitation_runs/demos/noisy_demos/lunarlander/expert_4615187/n100_p0_clean,done,1.0000,0.6538,266.51,24.79,190.09
count_N10,10,0,25,5292444,/scratch/marzii/imitation_runs/demos/noisy_demos/lunarlander/expert_4615187/n100_p0_clean,done,1.0000,0.7472,257.17,37.96,201.76
count_N10,10,0,26,5292445,/scratch/marzii/imitation_runs/demos/noisy_demos/lunarlander/expert_4615187/n100_p0_clean,done,1.0000,0.6247,248.36,61.78,203.22
count_N10,10,0,27,5292446,/scratch/marzii/imitation_runs/demos/noisy_demos/lunarlander/expert_4615187/n100_p0_clean,done,1.0000,0.8465,275.10,20.51,209.39
count_N10,10,0,28,5292447,/scratch/marzii/imitation_runs/demos/noisy_demos/lunarlander/expert_4615187/n100_p0_clean,done,1.0000,0.7050,236.97,70.05,200.04
count_N10,10,0,29,5292448,/scratch/marzii/imitation_runs/demos/noisy_demos/lunarlander/expert_4615187/n100_p0_clean,done,1.0000,0.6215,265.93,37.23,193.16
count_N50,50,0,0,5292449,/scratch/marzii/imitation_runs/demos/noisy_demos/lunarlander/expert_4615187/n100_p0_clean,done,1.0000,0.7246,271.04,22.73,192.83
count_N50,50,0,1,5292450,/scratch/marzii/imitation_runs/demos/noisy_demos/lunarlander/expert_4615187/n100_p0_clean,done,1.0000,0.6631,271.21,27.72,199.18
count_N50,50,0,2,5292451,/scratch/marzii/imitation_runs/demos/noisy_demos/lunarlander/expert_4615187/n100_p0_clean,done,1.0000,0.7300,270.56,18.67,200.60
count_N50,50,0,3,5292452,/scratch/marzii/imitation_runs/demos/noisy_demos/lunarlander/expert_4615187/n100_p0_clean,done,1.0000,0.7685,270.29,22.22,206.10
count_N50,50,0,4,5292453,/scratch/marzii/imitation_runs/demos/noisy_demos/lunarlander/expert_4615187/n100_p0_clean,done,1.0000,0.7115,236.99,54.33,203.88
count_N50,50,0,5,5292454,/scratch/marzii/imitation_runs/demos/noisy_demos/lunarlander/expert_4615187/n100_p0_clean,done,1.0000,0.8259,256.65,41.79,199.72
count_N50,50,0,6,5292455,/scratch/marzii/imitation_runs/demos/noisy_demos/lunarlander/expert_4615187/n100_p0_clean,done,1.0000,0.6639,259.67,37.88,233.41
count_N50,50,0,7,5292456,/scratch/marzii/imitation_runs/demos/noisy_demos/lunarlander/expert_4615187/n100_p0_clean,done,1.0000,0.7155,271.31,18.05,200.02
count_N50,50,0,8,5292457,/scratch/marzii/imitation_runs/demos/noisy_demos/lunarlander/expert_4615187/n100_p0_clean,done,1.0000,0.8487,261.17,32.94,199.51
count_N50,50,0,9,5292458,/scratch/marzii/imitation_runs/demos/noisy_demos/lunarlander/expert_4615187/n100_p0_clean,done,1.0000,0.6887,236.05,62.59,197.89
count_N50,50,0,10,5292459,/scratch/marzii/imitation_runs/demos/noisy_demos/lunarlander/expert_4615187/n100_p0_clean,done,1.0000,0.6881,267.18,25.90,195.17
count_N50,50,0,11,5292460,/scratch/marzii/imitation_runs/demos/noisy_demos/lunarlander/expert_4615187/n100_p0_clean,done,1.0000,0.6552,262.13,40.96,195.75
count_N50,50,0,12,5292461,/scratch/marzii/imitation_runs/demos/noisy_demos/lunarlander/expert_4615187/n100_p0_clean,done,1.0000,0.8317,256.95,46.33,210.49
count_N50,50,0,13,5292462,/scratch/marzii/imitation_runs/demos/noisy_demos/lunarlander/expert_4615187/n100_p0_clean,done,1.0000,0.7890,255.81,44.65,207.73
count_N50,50,0,14,5292463,/scratch/marzii/imitation_runs/demos/noisy_demos/lunarlander/expert_4615187/n100_p0_clean,done,1.0000,0.7753,271.98,18.91,200.70
count_N50,50,0,15,5292464,/scratch/marzii/imitation_runs/demos/noisy_demos/lunarlander/expert_4615187/n100_p0_clean,done,1.0000,0.8146,268.84,18.85,188.48
count_N50,50,0,16,5292465,/scratch/marzii/imitation_runs/demos/noisy_demos/lunarlander/expert_4615187/n100_p0_clean,done,1.0000,0.8245,260.76,33.02,200.00
count_N50,50,0,17,5292466,/scratch/marzii/imitation_runs/demos/noisy_demos/lunarlander/expert_4615187/n100_p0_clean,done,1.0000,0.5783,267.52,30.15,196.96
count_N50,50,0,18,5292467,/scratch/marzii/imitation_runs/demos/noisy_demos/lunarlander/expert_4615187/n100_p0_clean,done,1.0000,0.8291,270.78,22.41,207.33
count_N50,50,0,19,5292468,/scratch/marzii/imitation_runs/demos/noisy_demos/lunarlander/expert_4615187/n100_p0_clean,done,1.0000,0.7857,267.13,25.71,202.01
count_N50,50,0,20,5292469,/scratch/marzii/imitation_runs/demos/noisy_demos/lunarlander/expert_4615187/n100_p0_clean,done,1.0000,0.7899,264.13,38.23,202.35
count_N50,50,0,21,5292470,/scratch/marzii/imitation_runs/demos/noisy_demos/lunarlander/expert_4615187/n100_p0_clean,done,1.0000,0.8030,247.90,52.28,204.76
count_N50,50,0,22,5292471,/scratch/marzii/imitation_runs/demos/noisy_demos/lunarlander/expert_4615187/n100_p0_clean,done,1.0000,0.7355,269.50,22.03,199.32
count_N50,50,0,23,5292472,/scratch/marzii/imitation_runs/demos/noisy_demos/lunarlander/expert_4615187/n100_p0_clean,done,1.0000,0.8509,269.00,21.25,201.55
count_N50,50,0,24,5292473,/scratch/marzii/imitation_runs/demos/noisy_demos/lunarlander/expert_4615187/n100_p0_clean,done,1.0000,0.7315,258.39,37.79,207.30
count_N50,50,0,25,5292474,/scratch/marzii/imitation_runs/demos/noisy_demos/lunarlander/expert_4615187/n100_p0_clean,done,1.0000,0.7883,265.35,19.97,196.62
count_N50,50,0,26,5292475,/scratch/marzii/imitation_runs/demos/noisy_demos/lunarlander/expert_4615187/n100_p0_clean,done,1.0000,0.6868,268.59,23.22,192.23
count_N50,50,0,27,5292476,/scratch/marzii/imitation_runs/demos/noisy_demos/lunarlander/expert_4615187/n100_p0_clean,done,1.0000,0.8002,273.60,20.93,203.01
count_N50,50,0,28,5292477,/scratch/marzii/imitation_runs/demos/noisy_demos/lunarlander/expert_4615187/n100_p0_clean,done,1.0000,0.5786,264.54,32.78,202.68
count_N50,50,0,29,5292478,/scratch/marzii/imitation_runs/demos/noisy_demos/lunarlander/expert_4615187/n100_p0_clean,done,1.0000,0.5014,244.40,52.49,189.53
count_N100,100,0,0,5292479,/scratch/marzii/imitation_runs/demos/noisy_demos/lunarlander/expert_4615187/n100_p0_clean,done,1.0000,0.7151,260.90,39.35,190.84
count_N100,100,0,1,5292480,/scratch/marzii/imitation_runs/demos/noisy_demos/lunarlander/expert_4615187/n100_p0_clean,done,1.0000,0.7619,274.34,18.40,207.70
count_N100,100,0,2,5292481,/scratch/marzii/imitation_runs/demos/noisy_demos/lunarlander/expert_4615187/n100_p0_clean,done,1.0000,0.8043,271.92,19.77,212.89
count_N100,100,0,3,5292482,/scratch/marzii/imitation_runs/demos/noisy_demos/lunarlander/expert_4615187/n100_p0_clean,done,1.0000,0.7715,270.62,22.18,203.96
count_N100,100,0,4,5292483,/scratch/marzii/imitation_runs/demos/noisy_demos/lunarlander/expert_4615187/n100_p0_clean,done,1.0000,0.7831,253.77,40.22,205.87
count_N100,100,0,5,5292484,/scratch/marzii/imitation_runs/demos/noisy_demos/lunarlander/expert_4615187/n100_p0_clean,done,1.0000,0.7759,261.69,32.35,208.90
count_N100,100,0,6,5292485,/scratch/marzii/imitation_runs/demos/noisy_demos/lunarlander/expert_4615187/n100_p0_clean,done,1.0000,0.8522,258.53,41.23,203.80
count_N100,100,0,7,5292486,/scratch/marzii/imitation_runs/demos/noisy_demos/lunarlander/expert_4615187/n100_p0_clean,done,1.0000,0.8060,270.84,18.19,199.55
count_N100,100,0,8,5292487,/scratch/marzii/imitation_runs/demos/noisy_demos/lunarlander/expert_4615187/n100_p0_clean,done,1.0000,0.7239,265.63,20.03,200.76
count_N100,100,0,9,5292488,/scratch/marzii/imitation_runs/demos/noisy_demos/lunarlander/expert_4615187/n100_p0_clean,done,1.0000,0.6092,265.01,24.98,200.31
count_N100,100,0,10,5292489,/scratch/marzii/imitation_runs/demos/noisy_demos/lunarlander/expert_4615187/n100_p0_clean,done,1.0000,0.5527,270.38,19.22,200.60
count_N100,100,0,11,5292490,/scratch/marzii/imitation_runs/demos/noisy_demos/lunarlander/expert_4615187/n100_p0_clean,done,1.0000,0.6607,271.49,20.07,203.19
count_N100,100,0,12,5292491,/scratch/marzii/imitation_runs/demos/noisy_demos/lunarlander/expert_4615187/n100_p0_clean,done,1.0000,0.7919,262.88,29.68,207.00
count_N100,100,0,13,5292492,/scratch/marzii/imitation_runs/demos/noisy_demos/lunarlander/expert_4615187/n100_p0_clean,done,1.0000,0.5477,228.03,62.11,202.81
count_N100,100,0,14,5292493,/scratch/marzii/imitation_runs/demos/noisy_demos/lunarlander/expert_4615187/n100_p0_clean,done,1.0000,0.7302,269.54,31.20,202.27
count_N100,100,0,15,5292494,/scratch/marzii/imitation_runs/demos/noisy_demos/lunarlander/expert_4615187/n100_p0_clean,done,1.0000,0.7115,267.05,18.68,191.15
count_N100,100,0,16,5292495,/scratch/marzii/imitation_runs/demos/noisy_demos/lunarlander/expert_4615187/n100_p0_clean,done,1.0000,0.7573,264.53,26.63,202.15
count_N100,100,0,17,5292496,/scratch/marzii/imitation_runs/demos/noisy_demos/lunarlander/expert_4615187/n100_p0_clean,done,1.0000,0.7665,271.99,19.30,202.31
count_N100,100,0,18,5292497,/scratch/marzii/imitation_runs/demos/noisy_demos/lunarlander/expert_4615187/n100_p0_clean,done,1.0000,0.6984,260.41,44.87,191.69
count_N100,100,0,19,5292498,/scratch/marzii/imitation_runs/demos/noisy_demos/lunarlander/expert_4615187/n100_p0_clean,done,1.0000,0.8259,264.13,43.57,204.88
count_N100,100,0,20,5292499,/scratch/marzii/imitation_runs/demos/noisy_demos/lunarlander/expert_4615187/n100_p0_clean,done,1.0000,0.7211,273.40,26.22,189.61
count_N100,100,0,21,5292500,/scratch/marzii/imitation_runs/demos/noisy_demos/lunarlander/expert_4615187/n100_p0_clean,done,1.0000,0.7720,266.06,20.66,194.56
count_N100,100,0,22,5292501,/scratch/marzii/imitation_runs/demos/noisy_demos/lunarlander/expert_4615187/n100_p0_clean,done,1.0000,0.8199,245.02,67.71,199.26
count_N100,100,0,23,5292502,/scratch/marzii/imitation_runs/demos/noisy_demos/lunarlander/expert_4615187/n100_p0_clean,done,1.0000,0.7390,260.05,35.36,198.46
count_N100,100,0,24,5292503,/scratch/marzii/imitation_runs/demos/noisy_demos/lunarlander/expert_4615187/n100_p0_clean,done,1.0000,0.7715,265.92,29.72,195.42
count_N100,100,0,25,5292504,/scratch/marzii/imitation_runs/demos/noisy_demos/lunarlander/expert_4615187/n100_p0_clean,done,1.0000,0.7463,264.75,19.12,203.44
count_N100,100,0,26,5292505,/scratch/marzii/imitation_runs/demos/noisy_demos/lunarlander/expert_4615187/n100_p0_clean,done,1.0000,0.6794,265.40,35.99,207.31
count_N100,100,0,27,5292506,/scratch/marzii/imitation_runs/demos/noisy_demos/lunarlander/expert_4615187/n100_p0_clean,done,1.0000,0.7726,265.39,33.26,197.81
count_N100,100,0,28,5292507,/scratch/marzii/imitation_runs/demos/noisy_demos/lunarlander/expert_4615187/n100_p0_clean,done,1.0000,0.7535,264.26,29.98,198.70
count_N100,100,0,29,5292508,/scratch/marzii/imitation_runs/demos/noisy_demos/lunarlander/expert_4615187/n100_p0_clean,done,1.0000,0.7697,274.11,26.16,199.04
