condition,K,seed,slurm_job_id,demo_path,status
ra_top5,5,0,471955,/scratch/marzii/imitation_runs/demos/human_baseline/record_human_demos/lunarlander/session_3_ext300_ra_top5,submitted
ra_top5,5,1,471956,/scratch/marzii/imitation_runs/demos/human_baseline/record_human_demos/lunarlander/session_3_ext300_ra_top5,submitted
ra_top5,5,2,471957,/scratch/marzii/imitation_runs/demos/human_baseline/record_human_demos/lunarlander/session_3_ext300_ra_top5,submitted
ra_top5,5,3,471958,/scratch/marzii/imitation_runs/demos/human_baseline/record_human_demos/lunarlander/session_3_ext300_ra_top5,submitted
ra_top5,5,4,471959,/scratch/marzii/imitation_runs/demos/human_baseline/record_human_demos/lunarlander/session_3_ext300_ra_top5,submitted
ra_top10,10,0,471960,/scratch/marzii/imitation_runs/demos/human_baseline/record_human_demos/lunarlander/session_3_ext300_ra_top10,submitted
ra_top10,10,1,471961,/scratch/marzii/imitation_runs/demos/human_baseline/record_human_demos/lunarlander/session_3_ext300_ra_top10,submitted
ra_top10,10,2,471962,/scratch/marzii/imitation_runs/demos/human_baseline/record_human_demos/lunarlander/session_3_ext300_ra_top10,submitted
ra_top10,10,3,471963,/scratch/marzii/imitation_runs/demos/human_baseline/record_human_demos/lunarlander/session_3_ext300_ra_top10,submitted
ra_top10,10,4,471964,/scratch/marzii/imitation_runs/demos/human_baseline/record_human_demos/lunarlander/session_3_ext300_ra_top10,submitted
ra_top15,15,0,471965,/scratch/marzii/imitation_runs/demos/human_baseline/record_human_demos/lunarlander/session_3_ext300_ra_top15,submitted
ra_top15,15,1,471966,/scratch/marzii/imitation_runs/demos/human_baseline/record_human_demos/lunarlander/session_3_ext300_ra_top15,submitted
ra_top15,15,2,471967,/scratch/marzii/imitation_runs/demos/human_baseline/record_human_demos/lunarlander/session_3_ext300_ra_top15,submitted
ra_top15,15,3,471968,/scratch/marzii/imitation_runs/demos/human_baseline/record_human_demos/lunarlander/session_3_ext300_ra_top15,submitted
ra_top15,15,4,471969,/scratch/marzii/imitation_runs/demos/human_baseline/record_human_demos/lunarlander/session_3_ext300_ra_top15,submitted
ra_top20,20,0,471970,/scratch/marzii/imitation_runs/demos/human_baseline/record_human_demos/lunarlander/session_3_ext300_ra_top20,submitted
ra_top20,20,1,471971,/scratch/marzii/imitation_runs/demos/human_baseline/record_human_demos/lunarlander/session_3_ext300_ra_top20,submitted
ra_top20,20,2,471972,/scratch/marzii/imitation_runs/demos/human_baseline/record_human_demos/lunarlander/session_3_ext300_ra_top20,submitted
ra_top20,20,3,471973,/scratch/marzii/imitation_runs/demos/human_baseline/record_human_demos/lunarlander/session_3_ext300_ra_top20,submitted
ra_top20,20,4,471974,/scratch/marzii/imitation_runs/demos/human_baseline/record_human_demos/lunarlander/session_3_ext300_ra_top20,submitted
ra_top30,30,0,471975,/scratch/marzii/imitation_runs/demos/human_baseline/record_human_demos/lunarlander/session_3_ext300_ra_top30,submitted
ra_top30,30,1,471976,/scratch/marzii/imitation_runs/demos/human_baseline/record_human_demos/lunarlander/session_3_ext300_ra_top30,submitted
ra_top30,30,2,471977,/scratch/marzii/imitation_runs/demos/human_baseline/record_human_demos/lunarlander/session_3_ext300_ra_top30,submitted
ra_top30,30,3,471978,/scratch/marzii/imitation_runs/demos/human_baseline/record_human_demos/lunarlander/session_3_ext300_ra_top30,submitted
ra_top30,30,4,471979,/scratch/marzii/imitation_runs/demos/human_baseline/record_human_demos/lunarlander/session_3_ext300_ra_top30,submitted
ra_top50,50,0,471980,/scratch/marzii/imitation_runs/demos/human_baseline/record_human_demos/lunarlander/session_3_ext300_ra_top50,submitted
ra_top50,50,1,471981,/scratch/marzii/imitation_runs/demos/human_baseline/record_human_demos/lunarlander/session_3_ext300_ra_top50,submitted
ra_top50,50,2,471982,/scratch/marzii/imitation_runs/demos/human_baseline/record_human_demos/lunarlander/session_3_ext300_ra_top50,submitted
ra_top50,50,3,471983,/scratch/marzii/imitation_runs/demos/human_baseline/record_human_demos/lunarlander/session_3_ext300_ra_top50,submitted
ra_top50,50,4,471984,/scratch/marzii/imitation_runs/demos/human_baseline/record_human_demos/lunarlander/session_3_ext300_ra_top50,submitted
ra_top100,100,0,471985,/scratch/marzii/imitation_runs/demos/human_baseline/record_human_demos/lunarlander/session_3_ext300_ra_top100,submitted
ra_top100,100,1,471986,/scratch/marzii/imitation_runs/demos/human_baseline/record_human_demos/lunarlander/session_3_ext300_ra_top100,submitted
ra_top100,100,2,471987,/scratch/marzii/imitation_runs/demos/human_baseline/record_human_demos/lunarlander/session_3_ext300_ra_top100,submitted
ra_top100,100,3,471988,/scratch/marzii/imitation_runs/demos/human_baseline/record_human_demos/lunarlander/session_3_ext300_ra_top100,submitted
ra_top100,100,4,471989,/scratch/marzii/imitation_runs/demos/human_baseline/record_human_demos/lunarlander/session_3_ext300_ra_top100,submitted
ra_top200,200,0,471990,/scratch/marzii/imitation_runs/demos/human_baseline/record_human_demos/lunarlander/session_3_ext300_ra_top200,submitted
ra_top200,200,1,471991,/scratch/marzii/imitation_runs/demos/human_baseline/record_human_demos/lunarlander/session_3_ext300_ra_top200,submitted
ra_top200,200,2,471992,/scratch/marzii/imitation_runs/demos/human_baseline/record_human_demos/lunarlander/session_3_ext300_ra_top200,submitted
ra_top200,200,3,471993,/scratch/marzii/imitation_runs/demos/human_baseline/record_human_demos/lunarlander/session_3_ext300_ra_top200,submitted
ra_top200,200,4,471994,/scratch/marzii/imitation_runs/demos/human_baseline/record_human_demos/lunarlander/session_3_ext300_ra_top200,submitted
ra_top300,300,0,471995,/scratch/marzii/imitation_runs/demos/human_baseline/record_human_demos/lunarlander/session_3_ext300,submitted
ra_top300,300,1,471996,/scratch/marzii/imitation_runs/demos/human_baseline/record_human_demos/lunarlander/session_3_ext300,submitted
ra_top300,300,2,471997,/scratch/marzii/imitation_runs/demos/human_baseline/record_human_demos/lunarlander/session_3_ext300,submitted
ra_top300,300,3,471998,/scratch/marzii/imitation_runs/demos/human_baseline/record_human_demos/lunarlander/session_3_ext300,submitted
ra_top300,300,4,471999,/scratch/marzii/imitation_runs/demos/human_baseline/record_human_demos/lunarlander/session_3_ext300,submitted
