condition_id,N,blank_pct,seed,slurm_job_id,demo_path,status
blind_expert_blank0,50,0,0,5631750,/scratch/marzii/imitation_runs/demos/harder_vs_easier/record_frame_blanking/demos/blind_expert/n100_blank0_s0,submitted
blind_expert_blank0,50,0,1,5631751,/scratch/marzii/imitation_runs/demos/harder_vs_easier/record_frame_blanking/demos/blind_expert/n100_blank0_s1,submitted
blind_expert_blank0,50,0,2,5631752,/scratch/marzii/imitation_runs/demos/harder_vs_easier/record_frame_blanking/demos/blind_expert/n100_blank0_s2,submitted
blind_expert_blank0,50,0,3,5631753,/scratch/marzii/imitation_runs/demos/harder_vs_easier/record_frame_blanking/demos/blind_expert/n100_blank0_s3,submitted
blind_expert_blank0,50,0,4,5631754,/scratch/marzii/imitation_runs/demos/harder_vs_easier/record_frame_blanking/demos/blind_expert/n100_blank0_s4,submitted
blind_expert_blank25,50,25,0,5631755,/scratch/marzii/imitation_runs/demos/harder_vs_easier/record_frame_blanking/demos/blind_expert/n100_blank25_s0,submitted
blind_expert_blank25,50,25,1,5631756,/scratch/marzii/imitation_runs/demos/harder_vs_easier/record_frame_blanking/demos/blind_expert/n100_blank25_s1,submitted
blind_expert_blank25,50,25,2,5631757,/scratch/marzii/imitation_runs/demos/harder_vs_easier/record_frame_blanking/demos/blind_expert/n100_blank25_s2,submitted
blind_expert_blank25,50,25,3,5631758,/scratch/marzii/imitation_runs/demos/harder_vs_easier/record_frame_blanking/demos/blind_expert/n100_blank25_s3,submitted
blind_expert_blank25,50,25,4,5631759,/scratch/marzii/imitation_runs/demos/harder_vs_easier/record_frame_blanking/demos/blind_expert/n100_blank25_s4,submitted
blind_expert_blank50,50,50,0,5631760,/scratch/marzii/imitation_runs/demos/harder_vs_easier/record_frame_blanking/demos/blind_expert/n100_blank50_s0,submitted
blind_expert_blank50,50,50,1,5631761,/scratch/marzii/imitation_runs/demos/harder_vs_easier/record_frame_blanking/demos/blind_expert/n100_blank50_s1,submitted
blind_expert_blank50,50,50,2,5631762,/scratch/marzii/imitation_runs/demos/harder_vs_easier/record_frame_blanking/demos/blind_expert/n100_blank50_s2,submitted
blind_expert_blank50,50,50,3,5631763,/scratch/marzii/imitation_runs/demos/harder_vs_easier/record_frame_blanking/demos/blind_expert/n100_blank50_s3,submitted
blind_expert_blank50,50,50,4,5631764,/scratch/marzii/imitation_runs/demos/harder_vs_easier/record_frame_blanking/demos/blind_expert/n100_blank50_s4,submitted
blind_expert_blank75,50,75,0,5631765,/scratch/marzii/imitation_runs/demos/harder_vs_easier/record_frame_blanking/demos/blind_expert/n100_blank75_s0,submitted
blind_expert_blank75,50,75,1,5631766,/scratch/marzii/imitation_runs/demos/harder_vs_easier/record_frame_blanking/demos/blind_expert/n100_blank75_s1,submitted
blind_expert_blank75,50,75,2,5631767,/scratch/marzii/imitation_runs/demos/harder_vs_easier/record_frame_blanking/demos/blind_expert/n100_blank75_s2,submitted
blind_expert_blank75,50,75,3,5631768,/scratch/marzii/imitation_runs/demos/harder_vs_easier/record_frame_blanking/demos/blind_expert/n100_blank75_s3,submitted
blind_expert_blank75,50,75,4,5631769,/scratch/marzii/imitation_runs/demos/harder_vs_easier/record_frame_blanking/demos/blind_expert/n100_blank75_s4,submitted
