condition_id,N,vanish_pct,seed,slurm_job_id,demo_path,status,arm
vanish_human_b5_p25_flagged,15,25,10,171370,/scratch/marzii/imitation_runs/demos/harder_vs_easier/record_lander_vanish/demos/human/vanish_p25/session_1_flagged,submitted,flagged
vanish_human_b5_p25_flagged,15,25,11,171371,/scratch/marzii/imitation_runs/demos/harder_vs_easier/record_lander_vanish/demos/human/vanish_p25/session_1_flagged,submitted,flagged
vanish_human_b5_p25_flagged,15,25,12,171372,/scratch/marzii/imitation_runs/demos/harder_vs_easier/record_lander_vanish/demos/human/vanish_p25/session_1_flagged,submitted,flagged
vanish_human_b5_p25_flagged,15,25,13,171373,/scratch/marzii/imitation_runs/demos/harder_vs_easier/record_lander_vanish/demos/human/vanish_p25/session_1_flagged,submitted,flagged
vanish_human_b5_p25_flagged,15,25,14,171374,/scratch/marzii/imitation_runs/demos/harder_vs_easier/record_lander_vanish/demos/human/vanish_p25/session_1_flagged,submitted,flagged
vanish_human_b5_p25_flagged,15,25,15,171375,/scratch/marzii/imitation_runs/demos/harder_vs_easier/record_lander_vanish/demos/human/vanish_p25/session_1_flagged,submitted,flagged
vanish_human_b5_p25_flagged,15,25,16,171376,/scratch/marzii/imitation_runs/demos/harder_vs_easier/record_lander_vanish/demos/human/vanish_p25/session_1_flagged,submitted,flagged
vanish_human_b5_p25_flagged,15,25,17,171377,/scratch/marzii/imitation_runs/demos/harder_vs_easier/record_lander_vanish/demos/human/vanish_p25/session_1_flagged,submitted,flagged
vanish_human_b5_p25_flagged,15,25,18,171378,/scratch/marzii/imitation_runs/demos/harder_vs_easier/record_lander_vanish/demos/human/vanish_p25/session_1_flagged,submitted,flagged
vanish_human_b5_p25_flagged,15,25,19,171379,/scratch/marzii/imitation_runs/demos/harder_vs_easier/record_lander_vanish/demos/human/vanish_p25/session_1_flagged,submitted,flagged
vanish_human_b5_p25_flagged,15,25,20,171380,/scratch/marzii/imitation_runs/demos/harder_vs_easier/record_lander_vanish/demos/human/vanish_p25/session_1_flagged,submitted,flagged
vanish_human_b5_p25_flagged,15,25,21,171381,/scratch/marzii/imitation_runs/demos/harder_vs_easier/record_lander_vanish/demos/human/vanish_p25/session_1_flagged,submitted,flagged
vanish_human_b5_p25_flagged,15,25,22,171382,/scratch/marzii/imitation_runs/demos/harder_vs_easier/record_lander_vanish/demos/human/vanish_p25/session_1_flagged,submitted,flagged
vanish_human_b5_p25_flagged,15,25,23,171383,/scratch/marzii/imitation_runs/demos/harder_vs_easier/record_lander_vanish/demos/human/vanish_p25/session_1_flagged,submitted,flagged
vanish_human_b5_p25_flagged,15,25,24,171384,/scratch/marzii/imitation_runs/demos/harder_vs_easier/record_lander_vanish/demos/human/vanish_p25/session_1_flagged,submitted,flagged
vanish_human_b5_p25_flagged,15,25,25,171385,/scratch/marzii/imitation_runs/demos/harder_vs_easier/record_lander_vanish/demos/human/vanish_p25/session_1_flagged,submitted,flagged
vanish_human_b5_p25_flagged,15,25,26,171386,/scratch/marzii/imitation_runs/demos/harder_vs_easier/record_lander_vanish/demos/human/vanish_p25/session_1_flagged,submitted,flagged
vanish_human_b5_p25_flagged,15,25,27,171387,/scratch/marzii/imitation_runs/demos/harder_vs_easier/record_lander_vanish/demos/human/vanish_p25/session_1_flagged,submitted,flagged
vanish_human_b5_p25_flagged,15,25,28,171388,/scratch/marzii/imitation_runs/demos/harder_vs_easier/record_lander_vanish/demos/human/vanish_p25/session_1_flagged,submitted,flagged
vanish_human_b5_p25_flagged,15,25,29,171389,/scratch/marzii/imitation_runs/demos/harder_vs_easier/record_lander_vanish/demos/human/vanish_p25/session_1_flagged,submitted,flagged
vanish_human_b5_p25_all,33,25,10,171394,/scratch/marzii/imitation_runs/demos/harder_vs_easier/record_lander_vanish/demos/human/vanish_p25/session_1,submitted,all
vanish_human_b5_p25_all,33,25,11,171395,/scratch/marzii/imitation_runs/demos/harder_vs_easier/record_lander_vanish/demos/human/vanish_p25/session_1,submitted,all
vanish_human_b5_p25_all,33,25,12,171396,/scratch/marzii/imitation_runs/demos/harder_vs_easier/record_lander_vanish/demos/human/vanish_p25/session_1,submitted,all
vanish_human_b5_p25_all,33,25,13,171397,/scratch/marzii/imitation_runs/demos/harder_vs_easier/record_lander_vanish/demos/human/vanish_p25/session_1,submitted,all
vanish_human_b5_p25_all,33,25,14,171398,/scratch/marzii/imitation_runs/demos/harder_vs_easier/record_lander_vanish/demos/human/vanish_p25/session_1,submitted,all
vanish_human_b5_p25_all,33,25,15,171399,/scratch/marzii/imitation_runs/demos/harder_vs_easier/record_lander_vanish/demos/human/vanish_p25/session_1,submitted,all
vanish_human_b5_p25_all,33,25,16,171400,/scratch/marzii/imitation_runs/demos/harder_vs_easier/record_lander_vanish/demos/human/vanish_p25/session_1,submitted,all
vanish_human_b5_p25_all,33,25,17,171401,/scratch/marzii/imitation_runs/demos/harder_vs_easier/record_lander_vanish/demos/human/vanish_p25/session_1,submitted,all
vanish_human_b5_p25_all,33,25,18,171402,/scratch/marzii/imitation_runs/demos/harder_vs_easier/record_lander_vanish/demos/human/vanish_p25/session_1,submitted,all
vanish_human_b5_p25_all,33,25,19,171403,/scratch/marzii/imitation_runs/demos/harder_vs_easier/record_lander_vanish/demos/human/vanish_p25/session_1,submitted,all
vanish_human_b5_p25_all,33,25,20,171404,/scratch/marzii/imitation_runs/demos/harder_vs_easier/record_lander_vanish/demos/human/vanish_p25/session_1,submitted,all
vanish_human_b5_p25_all,33,25,21,171405,/scratch/marzii/imitation_runs/demos/harder_vs_easier/record_lander_vanish/demos/human/vanish_p25/session_1,submitted,all
vanish_human_b5_p25_all,33,25,22,171406,/scratch/marzii/imitation_runs/demos/harder_vs_easier/record_lander_vanish/demos/human/vanish_p25/session_1,submitted,all
vanish_human_b5_p25_all,33,25,23,171407,/scratch/marzii/imitation_runs/demos/harder_vs_easier/record_lander_vanish/demos/human/vanish_p25/session_1,submitted,all
vanish_human_b5_p25_all,33,25,24,171408,/scratch/marzii/imitation_runs/demos/harder_vs_easier/record_lander_vanish/demos/human/vanish_p25/session_1,submitted,all
vanish_human_b5_p25_all,33,25,25,171409,/scratch/marzii/imitation_runs/demos/harder_vs_easier/record_lander_vanish/demos/human/vanish_p25/session_1,submitted,all
vanish_human_b5_p25_all,33,25,26,171410,/scratch/marzii/imitation_runs/demos/harder_vs_easier/record_lander_vanish/demos/human/vanish_p25/session_1,submitted,all
vanish_human_b5_p25_all,33,25,27,171411,/scratch/marzii/imitation_runs/demos/harder_vs_easier/record_lander_vanish/demos/human/vanish_p25/session_1,submitted,all
vanish_human_b5_p25_all,33,25,28,171412,/scratch/marzii/imitation_runs/demos/harder_vs_easier/record_lander_vanish/demos/human/vanish_p25/session_1,submitted,all
vanish_human_b5_p25_all,33,25,29,171413,/scratch/marzii/imitation_runs/demos/harder_vs_easier/record_lander_vanish/demos/human/vanish_p25/session_1,submitted,all
vanish_human_b5_p50_flagged,15,50,10,178383,/scratch/marzii/imitation_runs/demos/harder_vs_easier/record_lander_vanish/demos/human/vanish_p50/session_1_flagged,submitted,flagged
vanish_human_b5_p50_flagged,15,50,11,178384,/scratch/marzii/imitation_runs/demos/harder_vs_easier/record_lander_vanish/demos/human/vanish_p50/session_1_flagged,submitted,flagged
vanish_human_b5_p50_flagged,15,50,12,178385,/scratch/marzii/imitation_runs/demos/harder_vs_easier/record_lander_vanish/demos/human/vanish_p50/session_1_flagged,submitted,flagged
vanish_human_b5_p50_flagged,15,50,13,178386,/scratch/marzii/imitation_runs/demos/harder_vs_easier/record_lander_vanish/demos/human/vanish_p50/session_1_flagged,submitted,flagged
vanish_human_b5_p50_flagged,15,50,14,178387,/scratch/marzii/imitation_runs/demos/harder_vs_easier/record_lander_vanish/demos/human/vanish_p50/session_1_flagged,submitted,flagged
vanish_human_b5_p50_flagged,15,50,15,178388,/scratch/marzii/imitation_runs/demos/harder_vs_easier/record_lander_vanish/demos/human/vanish_p50/session_1_flagged,submitted,flagged
vanish_human_b5_p50_flagged,15,50,16,178389,/scratch/marzii/imitation_runs/demos/harder_vs_easier/record_lander_vanish/demos/human/vanish_p50/session_1_flagged,submitted,flagged
vanish_human_b5_p50_flagged,15,50,17,178390,/scratch/marzii/imitation_runs/demos/harder_vs_easier/record_lander_vanish/demos/human/vanish_p50/session_1_flagged,submitted,flagged
vanish_human_b5_p50_flagged,15,50,18,178391,/scratch/marzii/imitation_runs/demos/harder_vs_easier/record_lander_vanish/demos/human/vanish_p50/session_1_flagged,submitted,flagged
vanish_human_b5_p50_flagged,15,50,19,178392,/scratch/marzii/imitation_runs/demos/harder_vs_easier/record_lander_vanish/demos/human/vanish_p50/session_1_flagged,submitted,flagged
vanish_human_b5_p50_flagged,15,50,20,178393,/scratch/marzii/imitation_runs/demos/harder_vs_easier/record_lander_vanish/demos/human/vanish_p50/session_1_flagged,submitted,flagged
vanish_human_b5_p50_flagged,15,50,21,178394,/scratch/marzii/imitation_runs/demos/harder_vs_easier/record_lander_vanish/demos/human/vanish_p50/session_1_flagged,submitted,flagged
vanish_human_b5_p50_flagged,15,50,22,178395,/scratch/marzii/imitation_runs/demos/harder_vs_easier/record_lander_vanish/demos/human/vanish_p50/session_1_flagged,submitted,flagged
vanish_human_b5_p50_flagged,15,50,23,178396,/scratch/marzii/imitation_runs/demos/harder_vs_easier/record_lander_vanish/demos/human/vanish_p50/session_1_flagged,submitted,flagged
vanish_human_b5_p50_flagged,15,50,24,178397,/scratch/marzii/imitation_runs/demos/harder_vs_easier/record_lander_vanish/demos/human/vanish_p50/session_1_flagged,submitted,flagged
vanish_human_b5_p50_flagged,15,50,25,178398,/scratch/marzii/imitation_runs/demos/harder_vs_easier/record_lander_vanish/demos/human/vanish_p50/session_1_flagged,submitted,flagged
vanish_human_b5_p50_flagged,15,50,26,178399,/scratch/marzii/imitation_runs/demos/harder_vs_easier/record_lander_vanish/demos/human/vanish_p50/session_1_flagged,submitted,flagged
vanish_human_b5_p50_flagged,15,50,27,178400,/scratch/marzii/imitation_runs/demos/harder_vs_easier/record_lander_vanish/demos/human/vanish_p50/session_1_flagged,submitted,flagged
vanish_human_b5_p50_flagged,15,50,28,178401,/scratch/marzii/imitation_runs/demos/harder_vs_easier/record_lander_vanish/demos/human/vanish_p50/session_1_flagged,submitted,flagged
vanish_human_b5_p50_flagged,15,50,29,178402,/scratch/marzii/imitation_runs/demos/harder_vs_easier/record_lander_vanish/demos/human/vanish_p50/session_1_flagged,submitted,flagged
vanish_human_b5_p50_all,49,50,10,178403,/scratch/marzii/imitation_runs/demos/harder_vs_easier/record_lander_vanish/demos/human/vanish_p50/session_1,submitted,all
vanish_human_b5_p50_all,49,50,11,178404,/scratch/marzii/imitation_runs/demos/harder_vs_easier/record_lander_vanish/demos/human/vanish_p50/session_1,submitted,all
vanish_human_b5_p50_all,49,50,12,178405,/scratch/marzii/imitation_runs/demos/harder_vs_easier/record_lander_vanish/demos/human/vanish_p50/session_1,submitted,all
vanish_human_b5_p50_all,49,50,13,178406,/scratch/marzii/imitation_runs/demos/harder_vs_easier/record_lander_vanish/demos/human/vanish_p50/session_1,submitted,all
vanish_human_b5_p50_all,49,50,14,178407,/scratch/marzii/imitation_runs/demos/harder_vs_easier/record_lander_vanish/demos/human/vanish_p50/session_1,submitted,all
vanish_human_b5_p50_all,49,50,15,178408,/scratch/marzii/imitation_runs/demos/harder_vs_easier/record_lander_vanish/demos/human/vanish_p50/session_1,submitted,all
vanish_human_b5_p50_all,49,50,16,178409,/scratch/marzii/imitation_runs/demos/harder_vs_easier/record_lander_vanish/demos/human/vanish_p50/session_1,submitted,all
vanish_human_b5_p50_all,49,50,17,178410,/scratch/marzii/imitation_runs/demos/harder_vs_easier/record_lander_vanish/demos/human/vanish_p50/session_1,submitted,all
vanish_human_b5_p50_all,49,50,18,178411,/scratch/marzii/imitation_runs/demos/harder_vs_easier/record_lander_vanish/demos/human/vanish_p50/session_1,submitted,all
vanish_human_b5_p50_all,49,50,19,178412,/scratch/marzii/imitation_runs/demos/harder_vs_easier/record_lander_vanish/demos/human/vanish_p50/session_1,submitted,all
vanish_human_b5_p50_all,49,50,20,178413,/scratch/marzii/imitation_runs/demos/harder_vs_easier/record_lander_vanish/demos/human/vanish_p50/session_1,submitted,all
vanish_human_b5_p50_all,49,50,21,178414,/scratch/marzii/imitation_runs/demos/harder_vs_easier/record_lander_vanish/demos/human/vanish_p50/session_1,submitted,all
vanish_human_b5_p50_all,49,50,22,178415,/scratch/marzii/imitation_runs/demos/harder_vs_easier/record_lander_vanish/demos/human/vanish_p50/session_1,submitted,all
vanish_human_b5_p50_all,49,50,23,178416,/scratch/marzii/imitation_runs/demos/harder_vs_easier/record_lander_vanish/demos/human/vanish_p50/session_1,submitted,all
vanish_human_b5_p50_all,49,50,24,178417,/scratch/marzii/imitation_runs/demos/harder_vs_easier/record_lander_vanish/demos/human/vanish_p50/session_1,submitted,all
vanish_human_b5_p50_all,49,50,25,178418,/scratch/marzii/imitation_runs/demos/harder_vs_easier/record_lander_vanish/demos/human/vanish_p50/session_1,submitted,all
vanish_human_b5_p50_all,49,50,26,178419,/scratch/marzii/imitation_runs/demos/harder_vs_easier/record_lander_vanish/demos/human/vanish_p50/session_1,submitted,all
vanish_human_b5_p50_all,49,50,27,178420,/scratch/marzii/imitation_runs/demos/harder_vs_easier/record_lander_vanish/demos/human/vanish_p50/session_1,submitted,all
vanish_human_b5_p50_all,49,50,28,178421,/scratch/marzii/imitation_runs/demos/harder_vs_easier/record_lander_vanish/demos/human/vanish_p50/session_1,submitted,all
vanish_human_b5_p50_all,49,50,29,178422,/scratch/marzii/imitation_runs/demos/harder_vs_easier/record_lander_vanish/demos/human/vanish_p50/session_1,submitted,all
vanish_human_b5_p75_flagged,15,75,10,180826,/scratch/marzii/imitation_runs/demos/harder_vs_easier/record_lander_vanish/demos/human/vanish_p75/session_1_flagged,submitted,flagged
vanish_human_b5_p75_flagged,15,75,11,180827,/scratch/marzii/imitation_runs/demos/harder_vs_easier/record_lander_vanish/demos/human/vanish_p75/session_1_flagged,submitted,flagged
vanish_human_b5_p75_flagged,15,75,12,180828,/scratch/marzii/imitation_runs/demos/harder_vs_easier/record_lander_vanish/demos/human/vanish_p75/session_1_flagged,submitted,flagged
vanish_human_b5_p75_flagged,15,75,13,180829,/scratch/marzii/imitation_runs/demos/harder_vs_easier/record_lander_vanish/demos/human/vanish_p75/session_1_flagged,submitted,flagged
vanish_human_b5_p75_flagged,15,75,14,180830,/scratch/marzii/imitation_runs/demos/harder_vs_easier/record_lander_vanish/demos/human/vanish_p75/session_1_flagged,submitted,flagged
vanish_human_b5_p75_flagged,15,75,15,180831,/scratch/marzii/imitation_runs/demos/harder_vs_easier/record_lander_vanish/demos/human/vanish_p75/session_1_flagged,submitted,flagged
vanish_human_b5_p75_flagged,15,75,16,180832,/scratch/marzii/imitation_runs/demos/harder_vs_easier/record_lander_vanish/demos/human/vanish_p75/session_1_flagged,submitted,flagged
vanish_human_b5_p75_flagged,15,75,17,180833,/scratch/marzii/imitation_runs/demos/harder_vs_easier/record_lander_vanish/demos/human/vanish_p75/session_1_flagged,submitted,flagged
vanish_human_b5_p75_flagged,15,75,18,180834,/scratch/marzii/imitation_runs/demos/harder_vs_easier/record_lander_vanish/demos/human/vanish_p75/session_1_flagged,submitted,flagged
vanish_human_b5_p75_flagged,15,75,19,180835,/scratch/marzii/imitation_runs/demos/harder_vs_easier/record_lander_vanish/demos/human/vanish_p75/session_1_flagged,submitted,flagged
vanish_human_b5_p75_flagged,15,75,20,180836,/scratch/marzii/imitation_runs/demos/harder_vs_easier/record_lander_vanish/demos/human/vanish_p75/session_1_flagged,submitted,flagged
vanish_human_b5_p75_flagged,15,75,21,180837,/scratch/marzii/imitation_runs/demos/harder_vs_easier/record_lander_vanish/demos/human/vanish_p75/session_1_flagged,submitted,flagged
vanish_human_b5_p75_flagged,15,75,22,180838,/scratch/marzii/imitation_runs/demos/harder_vs_easier/record_lander_vanish/demos/human/vanish_p75/session_1_flagged,submitted,flagged
vanish_human_b5_p75_flagged,15,75,23,180839,/scratch/marzii/imitation_runs/demos/harder_vs_easier/record_lander_vanish/demos/human/vanish_p75/session_1_flagged,submitted,flagged
vanish_human_b5_p75_flagged,15,75,24,180840,/scratch/marzii/imitation_runs/demos/harder_vs_easier/record_lander_vanish/demos/human/vanish_p75/session_1_flagged,submitted,flagged
vanish_human_b5_p75_flagged,15,75,25,180841,/scratch/marzii/imitation_runs/demos/harder_vs_easier/record_lander_vanish/demos/human/vanish_p75/session_1_flagged,submitted,flagged
vanish_human_b5_p75_flagged,15,75,26,180842,/scratch/marzii/imitation_runs/demos/harder_vs_easier/record_lander_vanish/demos/human/vanish_p75/session_1_flagged,submitted,flagged
vanish_human_b5_p75_flagged,15,75,27,180843,/scratch/marzii/imitation_runs/demos/harder_vs_easier/record_lander_vanish/demos/human/vanish_p75/session_1_flagged,submitted,flagged
vanish_human_b5_p75_flagged,15,75,28,180844,/scratch/marzii/imitation_runs/demos/harder_vs_easier/record_lander_vanish/demos/human/vanish_p75/session_1_flagged,submitted,flagged
vanish_human_b5_p75_flagged,15,75,29,180845,/scratch/marzii/imitation_runs/demos/harder_vs_easier/record_lander_vanish/demos/human/vanish_p75/session_1_flagged,submitted,flagged
vanish_human_b5_p75_all,74,75,10,180846,/scratch/marzii/imitation_runs/demos/harder_vs_easier/record_lander_vanish/demos/human/vanish_p75/session_1,submitted,all
vanish_human_b5_p75_all,74,75,11,180847,/scratch/marzii/imitation_runs/demos/harder_vs_easier/record_lander_vanish/demos/human/vanish_p75/session_1,submitted,all
vanish_human_b5_p75_all,74,75,12,180848,/scratch/marzii/imitation_runs/demos/harder_vs_easier/record_lander_vanish/demos/human/vanish_p75/session_1,submitted,all
vanish_human_b5_p75_all,74,75,13,180849,/scratch/marzii/imitation_runs/demos/harder_vs_easier/record_lander_vanish/demos/human/vanish_p75/session_1,submitted,all
vanish_human_b5_p75_all,74,75,14,180850,/scratch/marzii/imitation_runs/demos/harder_vs_easier/record_lander_vanish/demos/human/vanish_p75/session_1,submitted,all
vanish_human_b5_p75_all,74,75,15,180851,/scratch/marzii/imitation_runs/demos/harder_vs_easier/record_lander_vanish/demos/human/vanish_p75/session_1,submitted,all
vanish_human_b5_p75_all,74,75,16,180852,/scratch/marzii/imitation_runs/demos/harder_vs_easier/record_lander_vanish/demos/human/vanish_p75/session_1,submitted,all
vanish_human_b5_p75_all,74,75,17,180853,/scratch/marzii/imitation_runs/demos/harder_vs_easier/record_lander_vanish/demos/human/vanish_p75/session_1,submitted,all
vanish_human_b5_p75_all,74,75,18,180854,/scratch/marzii/imitation_runs/demos/harder_vs_easier/record_lander_vanish/demos/human/vanish_p75/session_1,submitted,all
vanish_human_b5_p75_all,74,75,19,180855,/scratch/marzii/imitation_runs/demos/harder_vs_easier/record_lander_vanish/demos/human/vanish_p75/session_1,submitted,all
vanish_human_b5_p75_all,74,75,20,180856,/scratch/marzii/imitation_runs/demos/harder_vs_easier/record_lander_vanish/demos/human/vanish_p75/session_1,submitted,all
vanish_human_b5_p75_all,74,75,21,180857,/scratch/marzii/imitation_runs/demos/harder_vs_easier/record_lander_vanish/demos/human/vanish_p75/session_1,submitted,all
vanish_human_b5_p75_all,74,75,22,180858,/scratch/marzii/imitation_runs/demos/harder_vs_easier/record_lander_vanish/demos/human/vanish_p75/session_1,submitted,all
vanish_human_b5_p75_all,74,75,23,180859,/scratch/marzii/imitation_runs/demos/harder_vs_easier/record_lander_vanish/demos/human/vanish_p75/session_1,submitted,all
vanish_human_b5_p75_all,74,75,24,180860,/scratch/marzii/imitation_runs/demos/harder_vs_easier/record_lander_vanish/demos/human/vanish_p75/session_1,submitted,all
vanish_human_b5_p75_all,74,75,25,180861,/scratch/marzii/imitation_runs/demos/harder_vs_easier/record_lander_vanish/demos/human/vanish_p75/session_1,submitted,all
vanish_human_b5_p75_all,74,75,26,180862,/scratch/marzii/imitation_runs/demos/harder_vs_easier/record_lander_vanish/demos/human/vanish_p75/session_1,submitted,all
vanish_human_b5_p75_all,74,75,27,180863,/scratch/marzii/imitation_runs/demos/harder_vs_easier/record_lander_vanish/demos/human/vanish_p75/session_1,submitted,all
vanish_human_b5_p75_all,74,75,28,180864,/scratch/marzii/imitation_runs/demos/harder_vs_easier/record_lander_vanish/demos/human/vanish_p75/session_1,submitted,all
vanish_human_b5_p75_all,74,75,29,180865,/scratch/marzii/imitation_runs/demos/harder_vs_easier/record_lander_vanish/demos/human/vanish_p75/session_1,submitted,all
