condition_id,N,cap,seed,slurm_job_id,demo_path,status
vanish_p0_all_cap1000,28,1000,0,326083,/scratch/marzii/imitation_runs/demos/harder_vs_easier/record_lander_vanish/demos/human/vanish_p0/session_1,submitted
vanish_p0_all_cap1000,28,1000,1,326084,/scratch/marzii/imitation_runs/demos/harder_vs_easier/record_lander_vanish/demos/human/vanish_p0/session_1,submitted
vanish_p0_all_cap1000,28,1000,2,326085,/scratch/marzii/imitation_runs/demos/harder_vs_easier/record_lander_vanish/demos/human/vanish_p0/session_1,submitted
vanish_p0_all_cap1000,28,1000,3,326086,/scratch/marzii/imitation_runs/demos/harder_vs_easier/record_lander_vanish/demos/human/vanish_p0/session_1,submitted
vanish_p0_all_cap1000,28,1000,4,326087,/scratch/marzii/imitation_runs/demos/harder_vs_easier/record_lander_vanish/demos/human/vanish_p0/session_1,submitted
vanish_p0_all_cap1000,28,1000,5,326088,/scratch/marzii/imitation_runs/demos/harder_vs_easier/record_lander_vanish/demos/human/vanish_p0/session_1,submitted
vanish_p0_all_cap1000,28,1000,6,326089,/scratch/marzii/imitation_runs/demos/harder_vs_easier/record_lander_vanish/demos/human/vanish_p0/session_1,submitted
vanish_p0_all_cap1000,28,1000,7,326090,/scratch/marzii/imitation_runs/demos/harder_vs_easier/record_lander_vanish/demos/human/vanish_p0/session_1,submitted
vanish_p0_all_cap1000,28,1000,8,326091,/scratch/marzii/imitation_runs/demos/harder_vs_easier/record_lander_vanish/demos/human/vanish_p0/session_1,submitted
vanish_p0_all_cap1000,28,1000,9,326092,/scratch/marzii/imitation_runs/demos/harder_vs_easier/record_lander_vanish/demos/human/vanish_p0/session_1,submitted
vanish_p0_all_cap1000,28,1000,10,326093,/scratch/marzii/imitation_runs/demos/harder_vs_easier/record_lander_vanish/demos/human/vanish_p0/session_1,submitted
vanish_p0_all_cap1000,28,1000,11,326094,/scratch/marzii/imitation_runs/demos/harder_vs_easier/record_lander_vanish/demos/human/vanish_p0/session_1,submitted
vanish_p0_all_cap1000,28,1000,12,326095,/scratch/marzii/imitation_runs/demos/harder_vs_easier/record_lander_vanish/demos/human/vanish_p0/session_1,submitted
vanish_p0_all_cap1000,28,1000,13,326096,/scratch/marzii/imitation_runs/demos/harder_vs_easier/record_lander_vanish/demos/human/vanish_p0/session_1,submitted
vanish_p0_all_cap1000,28,1000,14,326097,/scratch/marzii/imitation_runs/demos/harder_vs_easier/record_lander_vanish/demos/human/vanish_p0/session_1,submitted
vanish_p0_all_cap1000,28,1000,15,326098,/scratch/marzii/imitation_runs/demos/harder_vs_easier/record_lander_vanish/demos/human/vanish_p0/session_1,submitted
vanish_p0_all_cap1000,28,1000,16,326099,/scratch/marzii/imitation_runs/demos/harder_vs_easier/record_lander_vanish/demos/human/vanish_p0/session_1,submitted
vanish_p0_all_cap1000,28,1000,17,326100,/scratch/marzii/imitation_runs/demos/harder_vs_easier/record_lander_vanish/demos/human/vanish_p0/session_1,submitted
vanish_p0_all_cap1000,28,1000,18,326101,/scratch/marzii/imitation_runs/demos/harder_vs_easier/record_lander_vanish/demos/human/vanish_p0/session_1,submitted
vanish_p0_all_cap1000,28,1000,19,326102,/scratch/marzii/imitation_runs/demos/harder_vs_easier/record_lander_vanish/demos/human/vanish_p0/session_1,submitted
vanish_p0_all_cap1000,28,1000,20,326103,/scratch/marzii/imitation_runs/demos/harder_vs_easier/record_lander_vanish/demos/human/vanish_p0/session_1,submitted
vanish_p0_all_cap1000,28,1000,21,326104,/scratch/marzii/imitation_runs/demos/harder_vs_easier/record_lander_vanish/demos/human/vanish_p0/session_1,submitted
vanish_p0_all_cap1000,28,1000,22,326105,/scratch/marzii/imitation_runs/demos/harder_vs_easier/record_lander_vanish/demos/human/vanish_p0/session_1,submitted
vanish_p0_all_cap1000,28,1000,23,326106,/scratch/marzii/imitation_runs/demos/harder_vs_easier/record_lander_vanish/demos/human/vanish_p0/session_1,submitted
vanish_p0_all_cap1000,28,1000,24,326107,/scratch/marzii/imitation_runs/demos/harder_vs_easier/record_lander_vanish/demos/human/vanish_p0/session_1,submitted
vanish_p0_all_cap1000,28,1000,25,326108,/scratch/marzii/imitation_runs/demos/harder_vs_easier/record_lander_vanish/demos/human/vanish_p0/session_1,submitted
vanish_p0_all_cap1000,28,1000,26,326109,/scratch/marzii/imitation_runs/demos/harder_vs_easier/record_lander_vanish/demos/human/vanish_p0/session_1,submitted
vanish_p0_all_cap1000,28,1000,27,326110,/scratch/marzii/imitation_runs/demos/harder_vs_easier/record_lander_vanish/demos/human/vanish_p0/session_1,submitted
vanish_p0_all_cap1000,28,1000,28,326111,/scratch/marzii/imitation_runs/demos/harder_vs_easier/record_lander_vanish/demos/human/vanish_p0/session_1,submitted
vanish_p0_all_cap1000,28,1000,29,326112,/scratch/marzii/imitation_runs/demos/harder_vs_easier/record_lander_vanish/demos/human/vanish_p0/session_1,submitted
