condition_id,N,noise_pct,seed,slurm_job_id,demo_path,status
noise_N50_p10,50,10,0,5729556,/scratch/marzii/imitation_runs/demos/noisy_demos_online_nonFS/lunarlander/expert_4615187/n100_p10_s0,submitted
noise_N50_p10,50,10,1,5729557,/scratch/marzii/imitation_runs/demos/noisy_demos_online_nonFS/lunarlander/expert_4615187/n100_p10_s1,submitted
noise_N50_p10,50,10,2,5729558,/scratch/marzii/imitation_runs/demos/noisy_demos_online_nonFS/lunarlander/expert_4615187/n100_p10_s2,submitted
noise_N50_p10,50,10,3,5729559,/scratch/marzii/imitation_runs/demos/noisy_demos_online_nonFS/lunarlander/expert_4615187/n100_p10_s3,submitted
noise_N50_p10,50,10,4,5729560,/scratch/marzii/imitation_runs/demos/noisy_demos_online_nonFS/lunarlander/expert_4615187/n100_p10_s4,submitted
noise_N50_p10,50,10,5,5729561,/scratch/marzii/imitation_runs/demos/noisy_demos_online_nonFS/lunarlander/expert_4615187/n100_p10_s5,submitted
noise_N50_p10,50,10,6,5729562,/scratch/marzii/imitation_runs/demos/noisy_demos_online_nonFS/lunarlander/expert_4615187/n100_p10_s6,submitted
noise_N50_p10,50,10,7,5729563,/scratch/marzii/imitation_runs/demos/noisy_demos_online_nonFS/lunarlander/expert_4615187/n100_p10_s7,submitted
noise_N50_p10,50,10,8,5729564,/scratch/marzii/imitation_runs/demos/noisy_demos_online_nonFS/lunarlander/expert_4615187/n100_p10_s8,submitted
noise_N50_p10,50,10,9,5729565,/scratch/marzii/imitation_runs/demos/noisy_demos_online_nonFS/lunarlander/expert_4615187/n100_p10_s9,submitted
noise_N50_p10,50,10,10,5729566,/scratch/marzii/imitation_runs/demos/noisy_demos_online_nonFS/lunarlander/expert_4615187/n100_p10_s10,submitted
noise_N50_p10,50,10,11,5729567,/scratch/marzii/imitation_runs/demos/noisy_demos_online_nonFS/lunarlander/expert_4615187/n100_p10_s11,submitted
noise_N50_p10,50,10,12,5729568,/scratch/marzii/imitation_runs/demos/noisy_demos_online_nonFS/lunarlander/expert_4615187/n100_p10_s12,submitted
noise_N50_p10,50,10,13,5729569,/scratch/marzii/imitation_runs/demos/noisy_demos_online_nonFS/lunarlander/expert_4615187/n100_p10_s13,submitted
noise_N50_p10,50,10,14,5729570,/scratch/marzii/imitation_runs/demos/noisy_demos_online_nonFS/lunarlander/expert_4615187/n100_p10_s14,submitted
noise_N50_p10,50,10,15,5729571,/scratch/marzii/imitation_runs/demos/noisy_demos_online_nonFS/lunarlander/expert_4615187/n100_p10_s15,submitted
noise_N50_p10,50,10,16,5729572,/scratch/marzii/imitation_runs/demos/noisy_demos_online_nonFS/lunarlander/expert_4615187/n100_p10_s16,submitted
noise_N50_p10,50,10,17,5729573,/scratch/marzii/imitation_runs/demos/noisy_demos_online_nonFS/lunarlander/expert_4615187/n100_p10_s17,submitted
noise_N50_p10,50,10,18,5729574,/scratch/marzii/imitation_runs/demos/noisy_demos_online_nonFS/lunarlander/expert_4615187/n100_p10_s18,submitted
noise_N50_p10,50,10,19,5729575,/scratch/marzii/imitation_runs/demos/noisy_demos_online_nonFS/lunarlander/expert_4615187/n100_p10_s19,submitted
noise_N50_p10,50,10,20,5729576,/scratch/marzii/imitation_runs/demos/noisy_demos_online_nonFS/lunarlander/expert_4615187/n100_p10_s20,submitted
noise_N50_p10,50,10,21,5729577,/scratch/marzii/imitation_runs/demos/noisy_demos_online_nonFS/lunarlander/expert_4615187/n100_p10_s21,submitted
noise_N50_p10,50,10,22,5729578,/scratch/marzii/imitation_runs/demos/noisy_demos_online_nonFS/lunarlander/expert_4615187/n100_p10_s22,submitted
noise_N50_p10,50,10,23,5729579,/scratch/marzii/imitation_runs/demos/noisy_demos_online_nonFS/lunarlander/expert_4615187/n100_p10_s23,submitted
noise_N50_p10,50,10,24,5729580,/scratch/marzii/imitation_runs/demos/noisy_demos_online_nonFS/lunarlander/expert_4615187/n100_p10_s24,submitted
noise_N50_p10,50,10,25,5729581,/scratch/marzii/imitation_runs/demos/noisy_demos_online_nonFS/lunarlander/expert_4615187/n100_p10_s25,submitted
noise_N50_p10,50,10,26,5729582,/scratch/marzii/imitation_runs/demos/noisy_demos_online_nonFS/lunarlander/expert_4615187/n100_p10_s26,submitted
noise_N50_p10,50,10,27,5729583,/scratch/marzii/imitation_runs/demos/noisy_demos_online_nonFS/lunarlander/expert_4615187/n100_p10_s27,submitted
noise_N50_p10,50,10,28,5729584,/scratch/marzii/imitation_runs/demos/noisy_demos_online_nonFS/lunarlander/expert_4615187/n100_p10_s28,submitted
noise_N50_p10,50,10,29,5729585,/scratch/marzii/imitation_runs/demos/noisy_demos_online_nonFS/lunarlander/expert_4615187/n100_p10_s29,submitted
noise_N50_p20,50,20,0,5729586,/scratch/marzii/imitation_runs/demos/noisy_demos_online_nonFS/lunarlander/expert_4615187/n100_p20_s0,submitted
noise_N50_p20,50,20,1,5729587,/scratch/marzii/imitation_runs/demos/noisy_demos_online_nonFS/lunarlander/expert_4615187/n100_p20_s1,submitted
noise_N50_p20,50,20,2,5729588,/scratch/marzii/imitation_runs/demos/noisy_demos_online_nonFS/lunarlander/expert_4615187/n100_p20_s2,submitted
noise_N50_p20,50,20,3,5729589,/scratch/marzii/imitation_runs/demos/noisy_demos_online_nonFS/lunarlander/expert_4615187/n100_p20_s3,submitted
noise_N50_p20,50,20,4,5729590,/scratch/marzii/imitation_runs/demos/noisy_demos_online_nonFS/lunarlander/expert_4615187/n100_p20_s4,submitted
noise_N50_p20,50,20,5,5729591,/scratch/marzii/imitation_runs/demos/noisy_demos_online_nonFS/lunarlander/expert_4615187/n100_p20_s5,submitted
noise_N50_p20,50,20,6,5729592,/scratch/marzii/imitation_runs/demos/noisy_demos_online_nonFS/lunarlander/expert_4615187/n100_p20_s6,submitted
noise_N50_p20,50,20,7,5729593,/scratch/marzii/imitation_runs/demos/noisy_demos_online_nonFS/lunarlander/expert_4615187/n100_p20_s7,submitted
noise_N50_p20,50,20,8,5729594,/scratch/marzii/imitation_runs/demos/noisy_demos_online_nonFS/lunarlander/expert_4615187/n100_p20_s8,submitted
noise_N50_p20,50,20,9,5729595,/scratch/marzii/imitation_runs/demos/noisy_demos_online_nonFS/lunarlander/expert_4615187/n100_p20_s9,submitted
noise_N50_p20,50,20,10,5729596,/scratch/marzii/imitation_runs/demos/noisy_demos_online_nonFS/lunarlander/expert_4615187/n100_p20_s10,submitted
noise_N50_p20,50,20,11,5729597,/scratch/marzii/imitation_runs/demos/noisy_demos_online_nonFS/lunarlander/expert_4615187/n100_p20_s11,submitted
noise_N50_p20,50,20,12,5729598,/scratch/marzii/imitation_runs/demos/noisy_demos_online_nonFS/lunarlander/expert_4615187/n100_p20_s12,submitted
noise_N50_p20,50,20,13,5729599,/scratch/marzii/imitation_runs/demos/noisy_demos_online_nonFS/lunarlander/expert_4615187/n100_p20_s13,submitted
noise_N50_p20,50,20,14,5729600,/scratch/marzii/imitation_runs/demos/noisy_demos_online_nonFS/lunarlander/expert_4615187/n100_p20_s14,submitted
noise_N50_p20,50,20,15,5729601,/scratch/marzii/imitation_runs/demos/noisy_demos_online_nonFS/lunarlander/expert_4615187/n100_p20_s15,submitted
noise_N50_p20,50,20,16,5729602,/scratch/marzii/imitation_runs/demos/noisy_demos_online_nonFS/lunarlander/expert_4615187/n100_p20_s16,submitted
noise_N50_p20,50,20,17,5729603,/scratch/marzii/imitation_runs/demos/noisy_demos_online_nonFS/lunarlander/expert_4615187/n100_p20_s17,submitted
noise_N50_p20,50,20,18,5729604,/scratch/marzii/imitation_runs/demos/noisy_demos_online_nonFS/lunarlander/expert_4615187/n100_p20_s18,submitted
noise_N50_p20,50,20,19,5729605,/scratch/marzii/imitation_runs/demos/noisy_demos_online_nonFS/lunarlander/expert_4615187/n100_p20_s19,submitted
noise_N50_p20,50,20,20,5729606,/scratch/marzii/imitation_runs/demos/noisy_demos_online_nonFS/lunarlander/expert_4615187/n100_p20_s20,submitted
noise_N50_p20,50,20,21,5729607,/scratch/marzii/imitation_runs/demos/noisy_demos_online_nonFS/lunarlander/expert_4615187/n100_p20_s21,submitted
noise_N50_p20,50,20,22,5729608,/scratch/marzii/imitation_runs/demos/noisy_demos_online_nonFS/lunarlander/expert_4615187/n100_p20_s22,submitted
noise_N50_p20,50,20,23,5729609,/scratch/marzii/imitation_runs/demos/noisy_demos_online_nonFS/lunarlander/expert_4615187/n100_p20_s23,submitted
noise_N50_p20,50,20,24,5729610,/scratch/marzii/imitation_runs/demos/noisy_demos_online_nonFS/lunarlander/expert_4615187/n100_p20_s24,submitted
noise_N50_p20,50,20,25,5729611,/scratch/marzii/imitation_runs/demos/noisy_demos_online_nonFS/lunarlander/expert_4615187/n100_p20_s25,submitted
noise_N50_p20,50,20,26,5729612,/scratch/marzii/imitation_runs/demos/noisy_demos_online_nonFS/lunarlander/expert_4615187/n100_p20_s26,submitted
noise_N50_p20,50,20,27,5729613,/scratch/marzii/imitation_runs/demos/noisy_demos_online_nonFS/lunarlander/expert_4615187/n100_p20_s27,submitted
noise_N50_p20,50,20,28,5729614,/scratch/marzii/imitation_runs/demos/noisy_demos_online_nonFS/lunarlander/expert_4615187/n100_p20_s28,submitted
noise_N50_p20,50,20,29,5729615,/scratch/marzii/imitation_runs/demos/noisy_demos_online_nonFS/lunarlander/expert_4615187/n100_p20_s29,submitted
noise_N50_p30,50,30,0,5729616,/scratch/marzii/imitation_runs/demos/noisy_demos_online_nonFS/lunarlander/expert_4615187/n100_p30_s0,submitted
noise_N50_p30,50,30,1,5729617,/scratch/marzii/imitation_runs/demos/noisy_demos_online_nonFS/lunarlander/expert_4615187/n100_p30_s1,submitted
noise_N50_p30,50,30,2,5729618,/scratch/marzii/imitation_runs/demos/noisy_demos_online_nonFS/lunarlander/expert_4615187/n100_p30_s2,submitted
noise_N50_p30,50,30,3,5729619,/scratch/marzii/imitation_runs/demos/noisy_demos_online_nonFS/lunarlander/expert_4615187/n100_p30_s3,submitted
noise_N50_p30,50,30,4,5729620,/scratch/marzii/imitation_runs/demos/noisy_demos_online_nonFS/lunarlander/expert_4615187/n100_p30_s4,submitted
noise_N50_p30,50,30,5,5729621,/scratch/marzii/imitation_runs/demos/noisy_demos_online_nonFS/lunarlander/expert_4615187/n100_p30_s5,submitted
noise_N50_p30,50,30,6,5729622,/scratch/marzii/imitation_runs/demos/noisy_demos_online_nonFS/lunarlander/expert_4615187/n100_p30_s6,submitted
noise_N50_p30,50,30,7,5729623,/scratch/marzii/imitation_runs/demos/noisy_demos_online_nonFS/lunarlander/expert_4615187/n100_p30_s7,submitted
noise_N50_p30,50,30,8,5729624,/scratch/marzii/imitation_runs/demos/noisy_demos_online_nonFS/lunarlander/expert_4615187/n100_p30_s8,submitted
noise_N50_p30,50,30,9,5729625,/scratch/marzii/imitation_runs/demos/noisy_demos_online_nonFS/lunarlander/expert_4615187/n100_p30_s9,submitted
noise_N50_p30,50,30,10,5729626,/scratch/marzii/imitation_runs/demos/noisy_demos_online_nonFS/lunarlander/expert_4615187/n100_p30_s10,submitted
noise_N50_p30,50,30,11,5729627,/scratch/marzii/imitation_runs/demos/noisy_demos_online_nonFS/lunarlander/expert_4615187/n100_p30_s11,submitted
noise_N50_p30,50,30,12,5729628,/scratch/marzii/imitation_runs/demos/noisy_demos_online_nonFS/lunarlander/expert_4615187/n100_p30_s12,submitted
noise_N50_p30,50,30,13,5729629,/scratch/marzii/imitation_runs/demos/noisy_demos_online_nonFS/lunarlander/expert_4615187/n100_p30_s13,submitted
noise_N50_p30,50,30,14,5729630,/scratch/marzii/imitation_runs/demos/noisy_demos_online_nonFS/lunarlander/expert_4615187/n100_p30_s14,submitted
noise_N50_p30,50,30,15,5729631,/scratch/marzii/imitation_runs/demos/noisy_demos_online_nonFS/lunarlander/expert_4615187/n100_p30_s15,submitted
noise_N50_p30,50,30,16,5729632,/scratch/marzii/imitation_runs/demos/noisy_demos_online_nonFS/lunarlander/expert_4615187/n100_p30_s16,submitted
noise_N50_p30,50,30,17,5729633,/scratch/marzii/imitation_runs/demos/noisy_demos_online_nonFS/lunarlander/expert_4615187/n100_p30_s17,submitted
noise_N50_p30,50,30,18,5729634,/scratch/marzii/imitation_runs/demos/noisy_demos_online_nonFS/lunarlander/expert_4615187/n100_p30_s18,submitted
noise_N50_p30,50,30,19,5729635,/scratch/marzii/imitation_runs/demos/noisy_demos_online_nonFS/lunarlander/expert_4615187/n100_p30_s19,submitted
noise_N50_p30,50,30,20,5729636,/scratch/marzii/imitation_runs/demos/noisy_demos_online_nonFS/lunarlander/expert_4615187/n100_p30_s20,submitted
noise_N50_p30,50,30,21,5729637,/scratch/marzii/imitation_runs/demos/noisy_demos_online_nonFS/lunarlander/expert_4615187/n100_p30_s21,submitted
noise_N50_p30,50,30,22,5729638,/scratch/marzii/imitation_runs/demos/noisy_demos_online_nonFS/lunarlander/expert_4615187/n100_p30_s22,submitted
noise_N50_p30,50,30,23,5729639,/scratch/marzii/imitation_runs/demos/noisy_demos_online_nonFS/lunarlander/expert_4615187/n100_p30_s23,submitted
noise_N50_p30,50,30,24,5729640,/scratch/marzii/imitation_runs/demos/noisy_demos_online_nonFS/lunarlander/expert_4615187/n100_p30_s24,submitted
noise_N50_p30,50,30,25,5729641,/scratch/marzii/imitation_runs/demos/noisy_demos_online_nonFS/lunarlander/expert_4615187/n100_p30_s25,submitted
noise_N50_p30,50,30,26,5729642,/scratch/marzii/imitation_runs/demos/noisy_demos_online_nonFS/lunarlander/expert_4615187/n100_p30_s26,submitted
noise_N50_p30,50,30,27,5729643,/scratch/marzii/imitation_runs/demos/noisy_demos_online_nonFS/lunarlander/expert_4615187/n100_p30_s27,submitted
noise_N50_p30,50,30,28,5729644,/scratch/marzii/imitation_runs/demos/noisy_demos_online_nonFS/lunarlander/expert_4615187/n100_p30_s28,submitted
noise_N50_p30,50,30,29,5729645,/scratch/marzii/imitation_runs/demos/noisy_demos_online_nonFS/lunarlander/expert_4615187/n100_p30_s29,submitted
noise_N50_p40,50,40,0,5729646,/scratch/marzii/imitation_runs/demos/noisy_demos_online_nonFS/lunarlander/expert_4615187/n100_p40_s0,submitted
noise_N50_p40,50,40,1,5729647,/scratch/marzii/imitation_runs/demos/noisy_demos_online_nonFS/lunarlander/expert_4615187/n100_p40_s1,submitted
noise_N50_p40,50,40,2,5729648,/scratch/marzii/imitation_runs/demos/noisy_demos_online_nonFS/lunarlander/expert_4615187/n100_p40_s2,submitted
noise_N50_p40,50,40,3,5729649,/scratch/marzii/imitation_runs/demos/noisy_demos_online_nonFS/lunarlander/expert_4615187/n100_p40_s3,submitted
noise_N50_p40,50,40,4,5729650,/scratch/marzii/imitation_runs/demos/noisy_demos_online_nonFS/lunarlander/expert_4615187/n100_p40_s4,submitted
noise_N50_p40,50,40,5,5729651,/scratch/marzii/imitation_runs/demos/noisy_demos_online_nonFS/lunarlander/expert_4615187/n100_p40_s5,submitted
noise_N50_p40,50,40,6,5729652,/scratch/marzii/imitation_runs/demos/noisy_demos_online_nonFS/lunarlander/expert_4615187/n100_p40_s6,submitted
noise_N50_p40,50,40,7,5729653,/scratch/marzii/imitation_runs/demos/noisy_demos_online_nonFS/lunarlander/expert_4615187/n100_p40_s7,submitted
noise_N50_p40,50,40,8,5729654,/scratch/marzii/imitation_runs/demos/noisy_demos_online_nonFS/lunarlander/expert_4615187/n100_p40_s8,submitted
noise_N50_p40,50,40,9,5729655,/scratch/marzii/imitation_runs/demos/noisy_demos_online_nonFS/lunarlander/expert_4615187/n100_p40_s9,submitted
noise_N50_p40,50,40,10,5729656,/scratch/marzii/imitation_runs/demos/noisy_demos_online_nonFS/lunarlander/expert_4615187/n100_p40_s10,submitted
noise_N50_p40,50,40,11,5729657,/scratch/marzii/imitation_runs/demos/noisy_demos_online_nonFS/lunarlander/expert_4615187/n100_p40_s11,submitted
noise_N50_p40,50,40,12,5729658,/scratch/marzii/imitation_runs/demos/noisy_demos_online_nonFS/lunarlander/expert_4615187/n100_p40_s12,submitted
noise_N50_p40,50,40,13,5729659,/scratch/marzii/imitation_runs/demos/noisy_demos_online_nonFS/lunarlander/expert_4615187/n100_p40_s13,submitted
noise_N50_p40,50,40,14,5729660,/scratch/marzii/imitation_runs/demos/noisy_demos_online_nonFS/lunarlander/expert_4615187/n100_p40_s14,submitted
noise_N50_p40,50,40,15,5729661,/scratch/marzii/imitation_runs/demos/noisy_demos_online_nonFS/lunarlander/expert_4615187/n100_p40_s15,submitted
noise_N50_p40,50,40,16,5729662,/scratch/marzii/imitation_runs/demos/noisy_demos_online_nonFS/lunarlander/expert_4615187/n100_p40_s16,submitted
noise_N50_p40,50,40,17,5729663,/scratch/marzii/imitation_runs/demos/noisy_demos_online_nonFS/lunarlander/expert_4615187/n100_p40_s17,submitted
noise_N50_p40,50,40,18,5729664,/scratch/marzii/imitation_runs/demos/noisy_demos_online_nonFS/lunarlander/expert_4615187/n100_p40_s18,submitted
noise_N50_p40,50,40,19,5729665,/scratch/marzii/imitation_runs/demos/noisy_demos_online_nonFS/lunarlander/expert_4615187/n100_p40_s19,submitted
noise_N50_p40,50,40,20,5729666,/scratch/marzii/imitation_runs/demos/noisy_demos_online_nonFS/lunarlander/expert_4615187/n100_p40_s20,submitted
noise_N50_p40,50,40,21,5729667,/scratch/marzii/imitation_runs/demos/noisy_demos_online_nonFS/lunarlander/expert_4615187/n100_p40_s21,submitted
noise_N50_p40,50,40,22,5729668,/scratch/marzii/imitation_runs/demos/noisy_demos_online_nonFS/lunarlander/expert_4615187/n100_p40_s22,submitted
noise_N50_p40,50,40,23,5729669,/scratch/marzii/imitation_runs/demos/noisy_demos_online_nonFS/lunarlander/expert_4615187/n100_p40_s23,submitted
noise_N50_p40,50,40,24,5729670,/scratch/marzii/imitation_runs/demos/noisy_demos_online_nonFS/lunarlander/expert_4615187/n100_p40_s24,submitted
noise_N50_p40,50,40,25,5729671,/scratch/marzii/imitation_runs/demos/noisy_demos_online_nonFS/lunarlander/expert_4615187/n100_p40_s25,submitted
noise_N50_p40,50,40,26,5729672,/scratch/marzii/imitation_runs/demos/noisy_demos_online_nonFS/lunarlander/expert_4615187/n100_p40_s26,submitted
noise_N50_p40,50,40,27,5729673,/scratch/marzii/imitation_runs/demos/noisy_demos_online_nonFS/lunarlander/expert_4615187/n100_p40_s27,submitted
noise_N50_p40,50,40,28,5729674,/scratch/marzii/imitation_runs/demos/noisy_demos_online_nonFS/lunarlander/expert_4615187/n100_p40_s28,submitted
noise_N50_p40,50,40,29,5729675,/scratch/marzii/imitation_runs/demos/noisy_demos_online_nonFS/lunarlander/expert_4615187/n100_p40_s29,submitted
noise_N50_p50,50,50,0,5729676,/scratch/marzii/imitation_runs/demos/noisy_demos_online_nonFS/lunarlander/expert_4615187/n100_p50_s0,submitted
noise_N50_p50,50,50,1,5729677,/scratch/marzii/imitation_runs/demos/noisy_demos_online_nonFS/lunarlander/expert_4615187/n100_p50_s1,submitted
noise_N50_p50,50,50,2,5729678,/scratch/marzii/imitation_runs/demos/noisy_demos_online_nonFS/lunarlander/expert_4615187/n100_p50_s2,submitted
noise_N50_p50,50,50,3,5729679,/scratch/marzii/imitation_runs/demos/noisy_demos_online_nonFS/lunarlander/expert_4615187/n100_p50_s3,submitted
noise_N50_p50,50,50,4,5729680,/scratch/marzii/imitation_runs/demos/noisy_demos_online_nonFS/lunarlander/expert_4615187/n100_p50_s4,submitted
noise_N50_p50,50,50,5,5729681,/scratch/marzii/imitation_runs/demos/noisy_demos_online_nonFS/lunarlander/expert_4615187/n100_p50_s5,submitted
noise_N50_p50,50,50,6,5729682,/scratch/marzii/imitation_runs/demos/noisy_demos_online_nonFS/lunarlander/expert_4615187/n100_p50_s6,submitted
noise_N50_p50,50,50,7,5729683,/scratch/marzii/imitation_runs/demos/noisy_demos_online_nonFS/lunarlander/expert_4615187/n100_p50_s7,submitted
noise_N50_p50,50,50,8,5729684,/scratch/marzii/imitation_runs/demos/noisy_demos_online_nonFS/lunarlander/expert_4615187/n100_p50_s8,submitted
noise_N50_p50,50,50,9,5729685,/scratch/marzii/imitation_runs/demos/noisy_demos_online_nonFS/lunarlander/expert_4615187/n100_p50_s9,submitted
noise_N50_p50,50,50,10,5729686,/scratch/marzii/imitation_runs/demos/noisy_demos_online_nonFS/lunarlander/expert_4615187/n100_p50_s10,submitted
noise_N50_p50,50,50,11,5729687,/scratch/marzii/imitation_runs/demos/noisy_demos_online_nonFS/lunarlander/expert_4615187/n100_p50_s11,submitted
noise_N50_p50,50,50,12,5729688,/scratch/marzii/imitation_runs/demos/noisy_demos_online_nonFS/lunarlander/expert_4615187/n100_p50_s12,submitted
noise_N50_p50,50,50,13,5729689,/scratch/marzii/imitation_runs/demos/noisy_demos_online_nonFS/lunarlander/expert_4615187/n100_p50_s13,submitted
noise_N50_p50,50,50,14,5729690,/scratch/marzii/imitation_runs/demos/noisy_demos_online_nonFS/lunarlander/expert_4615187/n100_p50_s14,submitted
noise_N50_p50,50,50,15,5729691,/scratch/marzii/imitation_runs/demos/noisy_demos_online_nonFS/lunarlander/expert_4615187/n100_p50_s15,submitted
noise_N50_p50,50,50,16,5729692,/scratch/marzii/imitation_runs/demos/noisy_demos_online_nonFS/lunarlander/expert_4615187/n100_p50_s16,submitted
noise_N50_p50,50,50,17,5729693,/scratch/marzii/imitation_runs/demos/noisy_demos_online_nonFS/lunarlander/expert_4615187/n100_p50_s17,submitted
noise_N50_p50,50,50,18,5729694,/scratch/marzii/imitation_runs/demos/noisy_demos_online_nonFS/lunarlander/expert_4615187/n100_p50_s18,submitted
noise_N50_p50,50,50,19,5729695,/scratch/marzii/imitation_runs/demos/noisy_demos_online_nonFS/lunarlander/expert_4615187/n100_p50_s19,submitted
noise_N50_p50,50,50,20,5729696,/scratch/marzii/imitation_runs/demos/noisy_demos_online_nonFS/lunarlander/expert_4615187/n100_p50_s20,submitted
noise_N50_p50,50,50,21,5729697,/scratch/marzii/imitation_runs/demos/noisy_demos_online_nonFS/lunarlander/expert_4615187/n100_p50_s21,submitted
noise_N50_p50,50,50,22,5729698,/scratch/marzii/imitation_runs/demos/noisy_demos_online_nonFS/lunarlander/expert_4615187/n100_p50_s22,submitted
noise_N50_p50,50,50,23,5729699,/scratch/marzii/imitation_runs/demos/noisy_demos_online_nonFS/lunarlander/expert_4615187/n100_p50_s23,submitted
noise_N50_p50,50,50,24,5729700,/scratch/marzii/imitation_runs/demos/noisy_demos_online_nonFS/lunarlander/expert_4615187/n100_p50_s24,submitted
noise_N50_p50,50,50,25,5729701,/scratch/marzii/imitation_runs/demos/noisy_demos_online_nonFS/lunarlander/expert_4615187/n100_p50_s25,submitted
noise_N50_p50,50,50,26,5729702,/scratch/marzii/imitation_runs/demos/noisy_demos_online_nonFS/lunarlander/expert_4615187/n100_p50_s26,submitted
noise_N50_p50,50,50,27,5729703,/scratch/marzii/imitation_runs/demos/noisy_demos_online_nonFS/lunarlander/expert_4615187/n100_p50_s27,submitted
noise_N50_p50,50,50,28,5729704,/scratch/marzii/imitation_runs/demos/noisy_demos_online_nonFS/lunarlander/expert_4615187/n100_p50_s28,submitted
noise_N50_p50,50,50,29,5729705,/scratch/marzii/imitation_runs/demos/noisy_demos_online_nonFS/lunarlander/expert_4615187/n100_p50_s29,submitted
noise_N50_p60,50,60,0,5729706,/scratch/marzii/imitation_runs/demos/noisy_demos_online_nonFS/lunarlander/expert_4615187/n100_p60_s0,submitted
noise_N50_p60,50,60,1,5729707,/scratch/marzii/imitation_runs/demos/noisy_demos_online_nonFS/lunarlander/expert_4615187/n100_p60_s1,submitted
noise_N50_p60,50,60,2,5729708,/scratch/marzii/imitation_runs/demos/noisy_demos_online_nonFS/lunarlander/expert_4615187/n100_p60_s2,submitted
noise_N50_p60,50,60,3,5729709,/scratch/marzii/imitation_runs/demos/noisy_demos_online_nonFS/lunarlander/expert_4615187/n100_p60_s3,submitted
noise_N50_p60,50,60,4,5729710,/scratch/marzii/imitation_runs/demos/noisy_demos_online_nonFS/lunarlander/expert_4615187/n100_p60_s4,submitted
noise_N50_p60,50,60,5,5729711,/scratch/marzii/imitation_runs/demos/noisy_demos_online_nonFS/lunarlander/expert_4615187/n100_p60_s5,submitted
noise_N50_p60,50,60,6,5729712,/scratch/marzii/imitation_runs/demos/noisy_demos_online_nonFS/lunarlander/expert_4615187/n100_p60_s6,submitted
noise_N50_p60,50,60,7,5729713,/scratch/marzii/imitation_runs/demos/noisy_demos_online_nonFS/lunarlander/expert_4615187/n100_p60_s7,submitted
noise_N50_p60,50,60,8,5729714,/scratch/marzii/imitation_runs/demos/noisy_demos_online_nonFS/lunarlander/expert_4615187/n100_p60_s8,submitted
noise_N50_p60,50,60,9,5729715,/scratch/marzii/imitation_runs/demos/noisy_demos_online_nonFS/lunarlander/expert_4615187/n100_p60_s9,submitted
noise_N50_p60,50,60,10,5729716,/scratch/marzii/imitation_runs/demos/noisy_demos_online_nonFS/lunarlander/expert_4615187/n100_p60_s10,submitted
noise_N50_p60,50,60,11,5729717,/scratch/marzii/imitation_runs/demos/noisy_demos_online_nonFS/lunarlander/expert_4615187/n100_p60_s11,submitted
noise_N50_p60,50,60,12,5729718,/scratch/marzii/imitation_runs/demos/noisy_demos_online_nonFS/lunarlander/expert_4615187/n100_p60_s12,submitted
noise_N50_p60,50,60,13,5729719,/scratch/marzii/imitation_runs/demos/noisy_demos_online_nonFS/lunarlander/expert_4615187/n100_p60_s13,submitted
noise_N50_p60,50,60,14,5729721,/scratch/marzii/imitation_runs/demos/noisy_demos_online_nonFS/lunarlander/expert_4615187/n100_p60_s14,submitted
noise_N50_p60,50,60,15,5729722,/scratch/marzii/imitation_runs/demos/noisy_demos_online_nonFS/lunarlander/expert_4615187/n100_p60_s15,submitted
noise_N50_p60,50,60,16,5729723,/scratch/marzii/imitation_runs/demos/noisy_demos_online_nonFS/lunarlander/expert_4615187/n100_p60_s16,submitted
noise_N50_p60,50,60,17,5729724,/scratch/marzii/imitation_runs/demos/noisy_demos_online_nonFS/lunarlander/expert_4615187/n100_p60_s17,submitted
noise_N50_p60,50,60,18,5729725,/scratch/marzii/imitation_runs/demos/noisy_demos_online_nonFS/lunarlander/expert_4615187/n100_p60_s18,submitted
noise_N50_p60,50,60,19,5729726,/scratch/marzii/imitation_runs/demos/noisy_demos_online_nonFS/lunarlander/expert_4615187/n100_p60_s19,submitted
noise_N50_p60,50,60,20,5729727,/scratch/marzii/imitation_runs/demos/noisy_demos_online_nonFS/lunarlander/expert_4615187/n100_p60_s20,submitted
noise_N50_p60,50,60,21,5729728,/scratch/marzii/imitation_runs/demos/noisy_demos_online_nonFS/lunarlander/expert_4615187/n100_p60_s21,submitted
noise_N50_p60,50,60,22,5729729,/scratch/marzii/imitation_runs/demos/noisy_demos_online_nonFS/lunarlander/expert_4615187/n100_p60_s22,submitted
noise_N50_p60,50,60,23,5729730,/scratch/marzii/imitation_runs/demos/noisy_demos_online_nonFS/lunarlander/expert_4615187/n100_p60_s23,submitted
noise_N50_p60,50,60,24,5729731,/scratch/marzii/imitation_runs/demos/noisy_demos_online_nonFS/lunarlander/expert_4615187/n100_p60_s24,submitted
noise_N50_p60,50,60,25,5729732,/scratch/marzii/imitation_runs/demos/noisy_demos_online_nonFS/lunarlander/expert_4615187/n100_p60_s25,submitted
noise_N50_p60,50,60,26,5729733,/scratch/marzii/imitation_runs/demos/noisy_demos_online_nonFS/lunarlander/expert_4615187/n100_p60_s26,submitted
noise_N50_p60,50,60,27,5729734,/scratch/marzii/imitation_runs/demos/noisy_demos_online_nonFS/lunarlander/expert_4615187/n100_p60_s27,submitted
noise_N50_p60,50,60,28,5729735,/scratch/marzii/imitation_runs/demos/noisy_demos_online_nonFS/lunarlander/expert_4615187/n100_p60_s28,submitted
noise_N50_p60,50,60,29,5729736,/scratch/marzii/imitation_runs/demos/noisy_demos_online_nonFS/lunarlander/expert_4615187/n100_p60_s29,submitted
noise_N50_p70,50,70,0,5729737,/scratch/marzii/imitation_runs/demos/noisy_demos_online_nonFS/lunarlander/expert_4615187/n100_p70_s0,submitted
noise_N50_p70,50,70,1,5729738,/scratch/marzii/imitation_runs/demos/noisy_demos_online_nonFS/lunarlander/expert_4615187/n100_p70_s1,submitted
noise_N50_p70,50,70,2,5729739,/scratch/marzii/imitation_runs/demos/noisy_demos_online_nonFS/lunarlander/expert_4615187/n100_p70_s2,submitted
noise_N50_p70,50,70,3,5729740,/scratch/marzii/imitation_runs/demos/noisy_demos_online_nonFS/lunarlander/expert_4615187/n100_p70_s3,submitted
noise_N50_p70,50,70,4,5729741,/scratch/marzii/imitation_runs/demos/noisy_demos_online_nonFS/lunarlander/expert_4615187/n100_p70_s4,submitted
noise_N50_p70,50,70,5,5729742,/scratch/marzii/imitation_runs/demos/noisy_demos_online_nonFS/lunarlander/expert_4615187/n100_p70_s5,submitted
noise_N50_p70,50,70,6,5729743,/scratch/marzii/imitation_runs/demos/noisy_demos_online_nonFS/lunarlander/expert_4615187/n100_p70_s6,submitted
noise_N50_p70,50,70,7,5729744,/scratch/marzii/imitation_runs/demos/noisy_demos_online_nonFS/lunarlander/expert_4615187/n100_p70_s7,submitted
noise_N50_p70,50,70,8,5729745,/scratch/marzii/imitation_runs/demos/noisy_demos_online_nonFS/lunarlander/expert_4615187/n100_p70_s8,submitted
noise_N50_p70,50,70,9,5729746,/scratch/marzii/imitation_runs/demos/noisy_demos_online_nonFS/lunarlander/expert_4615187/n100_p70_s9,submitted
noise_N50_p70,50,70,10,5729747,/scratch/marzii/imitation_runs/demos/noisy_demos_online_nonFS/lunarlander/expert_4615187/n100_p70_s10,submitted
noise_N50_p70,50,70,11,5729748,/scratch/marzii/imitation_runs/demos/noisy_demos_online_nonFS/lunarlander/expert_4615187/n100_p70_s11,submitted
noise_N50_p70,50,70,12,5729749,/scratch/marzii/imitation_runs/demos/noisy_demos_online_nonFS/lunarlander/expert_4615187/n100_p70_s12,submitted
noise_N50_p70,50,70,13,5729750,/scratch/marzii/imitation_runs/demos/noisy_demos_online_nonFS/lunarlander/expert_4615187/n100_p70_s13,submitted
noise_N50_p70,50,70,14,5729751,/scratch/marzii/imitation_runs/demos/noisy_demos_online_nonFS/lunarlander/expert_4615187/n100_p70_s14,submitted
noise_N50_p70,50,70,15,5729752,/scratch/marzii/imitation_runs/demos/noisy_demos_online_nonFS/lunarlander/expert_4615187/n100_p70_s15,submitted
noise_N50_p70,50,70,16,5729753,/scratch/marzii/imitation_runs/demos/noisy_demos_online_nonFS/lunarlander/expert_4615187/n100_p70_s16,submitted
noise_N50_p70,50,70,17,5729754,/scratch/marzii/imitation_runs/demos/noisy_demos_online_nonFS/lunarlander/expert_4615187/n100_p70_s17,submitted
noise_N50_p70,50,70,18,5729755,/scratch/marzii/imitation_runs/demos/noisy_demos_online_nonFS/lunarlander/expert_4615187/n100_p70_s18,submitted
noise_N50_p70,50,70,19,5729756,/scratch/marzii/imitation_runs/demos/noisy_demos_online_nonFS/lunarlander/expert_4615187/n100_p70_s19,submitted
noise_N50_p70,50,70,20,5729757,/scratch/marzii/imitation_runs/demos/noisy_demos_online_nonFS/lunarlander/expert_4615187/n100_p70_s20,submitted
noise_N50_p70,50,70,21,5729758,/scratch/marzii/imitation_runs/demos/noisy_demos_online_nonFS/lunarlander/expert_4615187/n100_p70_s21,submitted
noise_N50_p70,50,70,22,5729759,/scratch/marzii/imitation_runs/demos/noisy_demos_online_nonFS/lunarlander/expert_4615187/n100_p70_s22,submitted
noise_N50_p70,50,70,23,5729760,/scratch/marzii/imitation_runs/demos/noisy_demos_online_nonFS/lunarlander/expert_4615187/n100_p70_s23,submitted
noise_N50_p70,50,70,24,5729761,/scratch/marzii/imitation_runs/demos/noisy_demos_online_nonFS/lunarlander/expert_4615187/n100_p70_s24,submitted
noise_N50_p70,50,70,25,5729762,/scratch/marzii/imitation_runs/demos/noisy_demos_online_nonFS/lunarlander/expert_4615187/n100_p70_s25,submitted
noise_N50_p70,50,70,26,5729763,/scratch/marzii/imitation_runs/demos/noisy_demos_online_nonFS/lunarlander/expert_4615187/n100_p70_s26,submitted
noise_N50_p70,50,70,27,5729764,/scratch/marzii/imitation_runs/demos/noisy_demos_online_nonFS/lunarlander/expert_4615187/n100_p70_s27,submitted
noise_N50_p70,50,70,28,5729765,/scratch/marzii/imitation_runs/demos/noisy_demos_online_nonFS/lunarlander/expert_4615187/n100_p70_s28,submitted
noise_N50_p70,50,70,29,5729766,/scratch/marzii/imitation_runs/demos/noisy_demos_online_nonFS/lunarlander/expert_4615187/n100_p70_s29,submitted
noise_N50_p80,50,80,0,5729767,/scratch/marzii/imitation_runs/demos/noisy_demos_online_nonFS/lunarlander/expert_4615187/n100_p80_s0,submitted
noise_N50_p80,50,80,1,5729768,/scratch/marzii/imitation_runs/demos/noisy_demos_online_nonFS/lunarlander/expert_4615187/n100_p80_s1,submitted
noise_N50_p80,50,80,2,5729769,/scratch/marzii/imitation_runs/demos/noisy_demos_online_nonFS/lunarlander/expert_4615187/n100_p80_s2,submitted
noise_N50_p80,50,80,3,5729770,/scratch/marzii/imitation_runs/demos/noisy_demos_online_nonFS/lunarlander/expert_4615187/n100_p80_s3,submitted
noise_N50_p80,50,80,4,5729771,/scratch/marzii/imitation_runs/demos/noisy_demos_online_nonFS/lunarlander/expert_4615187/n100_p80_s4,submitted
noise_N50_p80,50,80,5,5729772,/scratch/marzii/imitation_runs/demos/noisy_demos_online_nonFS/lunarlander/expert_4615187/n100_p80_s5,submitted
noise_N50_p80,50,80,6,5729773,/scratch/marzii/imitation_runs/demos/noisy_demos_online_nonFS/lunarlander/expert_4615187/n100_p80_s6,submitted
noise_N50_p80,50,80,7,5729774,/scratch/marzii/imitation_runs/demos/noisy_demos_online_nonFS/lunarlander/expert_4615187/n100_p80_s7,submitted
noise_N50_p80,50,80,8,5729775,/scratch/marzii/imitation_runs/demos/noisy_demos_online_nonFS/lunarlander/expert_4615187/n100_p80_s8,submitted
noise_N50_p80,50,80,9,5729776,/scratch/marzii/imitation_runs/demos/noisy_demos_online_nonFS/lunarlander/expert_4615187/n100_p80_s9,submitted
noise_N50_p80,50,80,10,5729777,/scratch/marzii/imitation_runs/demos/noisy_demos_online_nonFS/lunarlander/expert_4615187/n100_p80_s10,submitted
noise_N50_p80,50,80,11,5729778,/scratch/marzii/imitation_runs/demos/noisy_demos_online_nonFS/lunarlander/expert_4615187/n100_p80_s11,submitted
noise_N50_p80,50,80,12,5729779,/scratch/marzii/imitation_runs/demos/noisy_demos_online_nonFS/lunarlander/expert_4615187/n100_p80_s12,submitted
noise_N50_p80,50,80,13,5729780,/scratch/marzii/imitation_runs/demos/noisy_demos_online_nonFS/lunarlander/expert_4615187/n100_p80_s13,submitted
noise_N50_p80,50,80,14,5729781,/scratch/marzii/imitation_runs/demos/noisy_demos_online_nonFS/lunarlander/expert_4615187/n100_p80_s14,submitted
noise_N50_p80,50,80,15,5729782,/scratch/marzii/imitation_runs/demos/noisy_demos_online_nonFS/lunarlander/expert_4615187/n100_p80_s15,submitted
noise_N50_p80,50,80,16,5729783,/scratch/marzii/imitation_runs/demos/noisy_demos_online_nonFS/lunarlander/expert_4615187/n100_p80_s16,submitted
noise_N50_p80,50,80,17,5729784,/scratch/marzii/imitation_runs/demos/noisy_demos_online_nonFS/lunarlander/expert_4615187/n100_p80_s17,submitted
noise_N50_p80,50,80,18,5729785,/scratch/marzii/imitation_runs/demos/noisy_demos_online_nonFS/lunarlander/expert_4615187/n100_p80_s18,submitted
noise_N50_p80,50,80,19,5729786,/scratch/marzii/imitation_runs/demos/noisy_demos_online_nonFS/lunarlander/expert_4615187/n100_p80_s19,submitted
noise_N50_p80,50,80,20,5729787,/scratch/marzii/imitation_runs/demos/noisy_demos_online_nonFS/lunarlander/expert_4615187/n100_p80_s20,submitted
noise_N50_p80,50,80,21,5729788,/scratch/marzii/imitation_runs/demos/noisy_demos_online_nonFS/lunarlander/expert_4615187/n100_p80_s21,submitted
noise_N50_p80,50,80,22,5729789,/scratch/marzii/imitation_runs/demos/noisy_demos_online_nonFS/lunarlander/expert_4615187/n100_p80_s22,submitted
noise_N50_p80,50,80,23,5729790,/scratch/marzii/imitation_runs/demos/noisy_demos_online_nonFS/lunarlander/expert_4615187/n100_p80_s23,submitted
noise_N50_p80,50,80,24,5729791,/scratch/marzii/imitation_runs/demos/noisy_demos_online_nonFS/lunarlander/expert_4615187/n100_p80_s24,submitted
noise_N50_p80,50,80,25,5729792,/scratch/marzii/imitation_runs/demos/noisy_demos_online_nonFS/lunarlander/expert_4615187/n100_p80_s25,submitted
noise_N50_p80,50,80,26,5729793,/scratch/marzii/imitation_runs/demos/noisy_demos_online_nonFS/lunarlander/expert_4615187/n100_p80_s26,submitted
noise_N50_p80,50,80,27,5729794,/scratch/marzii/imitation_runs/demos/noisy_demos_online_nonFS/lunarlander/expert_4615187/n100_p80_s27,submitted
noise_N50_p80,50,80,28,5729795,/scratch/marzii/imitation_runs/demos/noisy_demos_online_nonFS/lunarlander/expert_4615187/n100_p80_s28,submitted
noise_N50_p80,50,80,29,5729796,/scratch/marzii/imitation_runs/demos/noisy_demos_online_nonFS/lunarlander/expert_4615187/n100_p80_s29,submitted
noise_N50_p90,50,90,0,5729797,/scratch/marzii/imitation_runs/demos/noisy_demos_online_nonFS/lunarlander/expert_4615187/n100_p90_s0,submitted
noise_N50_p90,50,90,1,5729798,/scratch/marzii/imitation_runs/demos/noisy_demos_online_nonFS/lunarlander/expert_4615187/n100_p90_s1,submitted
noise_N50_p90,50,90,2,5729799,/scratch/marzii/imitation_runs/demos/noisy_demos_online_nonFS/lunarlander/expert_4615187/n100_p90_s2,submitted
noise_N50_p90,50,90,3,5729800,/scratch/marzii/imitation_runs/demos/noisy_demos_online_nonFS/lunarlander/expert_4615187/n100_p90_s3,submitted
noise_N50_p90,50,90,4,5729801,/scratch/marzii/imitation_runs/demos/noisy_demos_online_nonFS/lunarlander/expert_4615187/n100_p90_s4,submitted
noise_N50_p90,50,90,5,5729802,/scratch/marzii/imitation_runs/demos/noisy_demos_online_nonFS/lunarlander/expert_4615187/n100_p90_s5,submitted
noise_N50_p90,50,90,6,5729803,/scratch/marzii/imitation_runs/demos/noisy_demos_online_nonFS/lunarlander/expert_4615187/n100_p90_s6,submitted
noise_N50_p90,50,90,7,5729804,/scratch/marzii/imitation_runs/demos/noisy_demos_online_nonFS/lunarlander/expert_4615187/n100_p90_s7,submitted
noise_N50_p90,50,90,8,5729805,/scratch/marzii/imitation_runs/demos/noisy_demos_online_nonFS/lunarlander/expert_4615187/n100_p90_s8,submitted
noise_N50_p90,50,90,9,5729806,/scratch/marzii/imitation_runs/demos/noisy_demos_online_nonFS/lunarlander/expert_4615187/n100_p90_s9,submitted
noise_N50_p90,50,90,10,5729807,/scratch/marzii/imitation_runs/demos/noisy_demos_online_nonFS/lunarlander/expert_4615187/n100_p90_s10,submitted
noise_N50_p90,50,90,11,5729808,/scratch/marzii/imitation_runs/demos/noisy_demos_online_nonFS/lunarlander/expert_4615187/n100_p90_s11,submitted
noise_N50_p90,50,90,12,5729809,/scratch/marzii/imitation_runs/demos/noisy_demos_online_nonFS/lunarlander/expert_4615187/n100_p90_s12,submitted
noise_N50_p90,50,90,13,5729810,/scratch/marzii/imitation_runs/demos/noisy_demos_online_nonFS/lunarlander/expert_4615187/n100_p90_s13,submitted
noise_N50_p90,50,90,14,5729811,/scratch/marzii/imitation_runs/demos/noisy_demos_online_nonFS/lunarlander/expert_4615187/n100_p90_s14,submitted
noise_N50_p90,50,90,15,5729812,/scratch/marzii/imitation_runs/demos/noisy_demos_online_nonFS/lunarlander/expert_4615187/n100_p90_s15,submitted
noise_N50_p90,50,90,16,5729813,/scratch/marzii/imitation_runs/demos/noisy_demos_online_nonFS/lunarlander/expert_4615187/n100_p90_s16,submitted
noise_N50_p90,50,90,17,5729814,/scratch/marzii/imitation_runs/demos/noisy_demos_online_nonFS/lunarlander/expert_4615187/n100_p90_s17,submitted
noise_N50_p90,50,90,18,5729815,/scratch/marzii/imitation_runs/demos/noisy_demos_online_nonFS/lunarlander/expert_4615187/n100_p90_s18,submitted
noise_N50_p90,50,90,19,5729816,/scratch/marzii/imitation_runs/demos/noisy_demos_online_nonFS/lunarlander/expert_4615187/n100_p90_s19,submitted
noise_N50_p90,50,90,20,5729817,/scratch/marzii/imitation_runs/demos/noisy_demos_online_nonFS/lunarlander/expert_4615187/n100_p90_s20,submitted
noise_N50_p90,50,90,21,5729818,/scratch/marzii/imitation_runs/demos/noisy_demos_online_nonFS/lunarlander/expert_4615187/n100_p90_s21,submitted
noise_N50_p90,50,90,22,5729819,/scratch/marzii/imitation_runs/demos/noisy_demos_online_nonFS/lunarlander/expert_4615187/n100_p90_s22,submitted
noise_N50_p90,50,90,23,5729820,/scratch/marzii/imitation_runs/demos/noisy_demos_online_nonFS/lunarlander/expert_4615187/n100_p90_s23,submitted
noise_N50_p90,50,90,24,5729821,/scratch/marzii/imitation_runs/demos/noisy_demos_online_nonFS/lunarlander/expert_4615187/n100_p90_s24,submitted
noise_N50_p90,50,90,25,5729822,/scratch/marzii/imitation_runs/demos/noisy_demos_online_nonFS/lunarlander/expert_4615187/n100_p90_s25,submitted
noise_N50_p90,50,90,26,5729823,/scratch/marzii/imitation_runs/demos/noisy_demos_online_nonFS/lunarlander/expert_4615187/n100_p90_s26,submitted
noise_N50_p90,50,90,27,5729824,/scratch/marzii/imitation_runs/demos/noisy_demos_online_nonFS/lunarlander/expert_4615187/n100_p90_s27,submitted
noise_N50_p90,50,90,28,5729825,/scratch/marzii/imitation_runs/demos/noisy_demos_online_nonFS/lunarlander/expert_4615187/n100_p90_s28,submitted
noise_N50_p90,50,90,29,5729826,/scratch/marzii/imitation_runs/demos/noisy_demos_online_nonFS/lunarlander/expert_4615187/n100_p90_s29,submitted
noise_N50_p100,50,100,0,5729827,/scratch/marzii/imitation_runs/demos/noisy_demos_online_nonFS/lunarlander/expert_4615187/n100_p100_s0,submitted
noise_N50_p100,50,100,1,5729828,/scratch/marzii/imitation_runs/demos/noisy_demos_online_nonFS/lunarlander/expert_4615187/n100_p100_s1,submitted
noise_N50_p100,50,100,2,5729829,/scratch/marzii/imitation_runs/demos/noisy_demos_online_nonFS/lunarlander/expert_4615187/n100_p100_s2,submitted
noise_N50_p100,50,100,3,5729830,/scratch/marzii/imitation_runs/demos/noisy_demos_online_nonFS/lunarlander/expert_4615187/n100_p100_s3,submitted
noise_N50_p100,50,100,4,5729831,/scratch/marzii/imitation_runs/demos/noisy_demos_online_nonFS/lunarlander/expert_4615187/n100_p100_s4,submitted
noise_N50_p100,50,100,5,5729832,/scratch/marzii/imitation_runs/demos/noisy_demos_online_nonFS/lunarlander/expert_4615187/n100_p100_s5,submitted
noise_N50_p100,50,100,6,5729833,/scratch/marzii/imitation_runs/demos/noisy_demos_online_nonFS/lunarlander/expert_4615187/n100_p100_s6,submitted
noise_N50_p100,50,100,7,5729834,/scratch/marzii/imitation_runs/demos/noisy_demos_online_nonFS/lunarlander/expert_4615187/n100_p100_s7,submitted
noise_N50_p100,50,100,8,5729835,/scratch/marzii/imitation_runs/demos/noisy_demos_online_nonFS/lunarlander/expert_4615187/n100_p100_s8,submitted
noise_N50_p100,50,100,9,5729836,/scratch/marzii/imitation_runs/demos/noisy_demos_online_nonFS/lunarlander/expert_4615187/n100_p100_s9,submitted
noise_N50_p100,50,100,10,5729837,/scratch/marzii/imitation_runs/demos/noisy_demos_online_nonFS/lunarlander/expert_4615187/n100_p100_s10,submitted
noise_N50_p100,50,100,11,5729838,/scratch/marzii/imitation_runs/demos/noisy_demos_online_nonFS/lunarlander/expert_4615187/n100_p100_s11,submitted
noise_N50_p100,50,100,12,5729839,/scratch/marzii/imitation_runs/demos/noisy_demos_online_nonFS/lunarlander/expert_4615187/n100_p100_s12,submitted
noise_N50_p100,50,100,13,5729840,/scratch/marzii/imitation_runs/demos/noisy_demos_online_nonFS/lunarlander/expert_4615187/n100_p100_s13,submitted
noise_N50_p100,50,100,14,5729841,/scratch/marzii/imitation_runs/demos/noisy_demos_online_nonFS/lunarlander/expert_4615187/n100_p100_s14,submitted
noise_N50_p100,50,100,15,5729842,/scratch/marzii/imitation_runs/demos/noisy_demos_online_nonFS/lunarlander/expert_4615187/n100_p100_s15,submitted
noise_N50_p100,50,100,16,5729843,/scratch/marzii/imitation_runs/demos/noisy_demos_online_nonFS/lunarlander/expert_4615187/n100_p100_s16,submitted
noise_N50_p100,50,100,17,5729844,/scratch/marzii/imitation_runs/demos/noisy_demos_online_nonFS/lunarlander/expert_4615187/n100_p100_s17,submitted
noise_N50_p100,50,100,18,5729845,/scratch/marzii/imitation_runs/demos/noisy_demos_online_nonFS/lunarlander/expert_4615187/n100_p100_s18,submitted
noise_N50_p100,50,100,19,5729846,/scratch/marzii/imitation_runs/demos/noisy_demos_online_nonFS/lunarlander/expert_4615187/n100_p100_s19,submitted
noise_N50_p100,50,100,20,5729847,/scratch/marzii/imitation_runs/demos/noisy_demos_online_nonFS/lunarlander/expert_4615187/n100_p100_s20,submitted
noise_N50_p100,50,100,21,5729848,/scratch/marzii/imitation_runs/demos/noisy_demos_online_nonFS/lunarlander/expert_4615187/n100_p100_s21,submitted
noise_N50_p100,50,100,22,5729849,/scratch/marzii/imitation_runs/demos/noisy_demos_online_nonFS/lunarlander/expert_4615187/n100_p100_s22,submitted
noise_N50_p100,50,100,23,5729850,/scratch/marzii/imitation_runs/demos/noisy_demos_online_nonFS/lunarlander/expert_4615187/n100_p100_s23,submitted
noise_N50_p100,50,100,24,5729851,/scratch/marzii/imitation_runs/demos/noisy_demos_online_nonFS/lunarlander/expert_4615187/n100_p100_s24,submitted
noise_N50_p100,50,100,25,5729852,/scratch/marzii/imitation_runs/demos/noisy_demos_online_nonFS/lunarlander/expert_4615187/n100_p100_s25,submitted
noise_N50_p100,50,100,26,5729853,/scratch/marzii/imitation_runs/demos/noisy_demos_online_nonFS/lunarlander/expert_4615187/n100_p100_s26,submitted
noise_N50_p100,50,100,27,5729854,/scratch/marzii/imitation_runs/demos/noisy_demos_online_nonFS/lunarlander/expert_4615187/n100_p100_s27,submitted
noise_N50_p100,50,100,28,5729855,/scratch/marzii/imitation_runs/demos/noisy_demos_online_nonFS/lunarlander/expert_4615187/n100_p100_s28,submitted
noise_N50_p100,50,100,29,5729856,/scratch/marzii/imitation_runs/demos/noisy_demos_online_nonFS/lunarlander/expert_4615187/n100_p100_s29,submitted
