arm,N,seed,shuffle_seed,slurm_job_id,demo_path,status
h6_matched,5,0,0,980239,/scratch/marzii/imitation_runs/demos/human_baseline/record_human_demos/lunarlander/session_3,submitted
h6_matched,5,1,1,980240,/scratch/marzii/imitation_runs/demos/human_baseline/record_human_demos/lunarlander/session_3,submitted
h6_matched,5,2,2,980241,/scratch/marzii/imitation_runs/demos/human_baseline/record_human_demos/lunarlander/session_3,submitted
h6_matched,5,3,3,980242,/scratch/marzii/imitation_runs/demos/human_baseline/record_human_demos/lunarlander/session_3,submitted
h6_matched,5,4,4,980243,/scratch/marzii/imitation_runs/demos/human_baseline/record_human_demos/lunarlander/session_3,submitted
h6_matched,10,0,0,980244,/scratch/marzii/imitation_runs/demos/human_baseline/record_human_demos/lunarlander/session_3,submitted
h6_matched,10,1,1,980245,/scratch/marzii/imitation_runs/demos/human_baseline/record_human_demos/lunarlander/session_3,submitted
h6_matched,10,2,2,980246,/scratch/marzii/imitation_runs/demos/human_baseline/record_human_demos/lunarlander/session_3,submitted
h6_matched,10,3,3,980247,/scratch/marzii/imitation_runs/demos/human_baseline/record_human_demos/lunarlander/session_3,submitted
h6_matched,10,4,4,980248,/scratch/marzii/imitation_runs/demos/human_baseline/record_human_demos/lunarlander/session_3,submitted
h6_matched,50,0,0,980249,/scratch/marzii/imitation_runs/demos/human_baseline/record_human_demos/lunarlander/session_3,submitted
h6_matched,50,1,1,980250,/scratch/marzii/imitation_runs/demos/human_baseline/record_human_demos/lunarlander/session_3,submitted
h6_matched,50,2,2,980251,/scratch/marzii/imitation_runs/demos/human_baseline/record_human_demos/lunarlander/session_3,submitted
h6_matched,50,3,3,980252,/scratch/marzii/imitation_runs/demos/human_baseline/record_human_demos/lunarlander/session_3,submitted
h6_matched,50,4,4,980253,/scratch/marzii/imitation_runs/demos/human_baseline/record_human_demos/lunarlander/session_3,submitted
h6_matched,100,0,0,980254,/scratch/marzii/imitation_runs/demos/human_baseline/record_human_demos/lunarlander/session_3,submitted
h6_matched,100,1,1,980255,/scratch/marzii/imitation_runs/demos/human_baseline/record_human_demos/lunarlander/session_3,submitted
h6_matched,100,2,2,980256,/scratch/marzii/imitation_runs/demos/human_baseline/record_human_demos/lunarlander/session_3,submitted
h6_matched,100,3,3,980257,/scratch/marzii/imitation_runs/demos/human_baseline/record_human_demos/lunarlander/session_3,submitted
h6_matched,100,4,4,980258,/scratch/marzii/imitation_runs/demos/human_baseline/record_human_demos/lunarlander/session_3,submitted
h6_matched,200,0,0,980259,/scratch/marzii/imitation_runs/demos/human_baseline/record_human_demos/lunarlander/session_3,submitted
h6_matched,200,1,1,980260,/scratch/marzii/imitation_runs/demos/human_baseline/record_human_demos/lunarlander/session_3,submitted
h6_matched,200,2,2,980261,/scratch/marzii/imitation_runs/demos/human_baseline/record_human_demos/lunarlander/session_3,submitted
h6_matched,200,3,3,980262,/scratch/marzii/imitation_runs/demos/human_baseline/record_human_demos/lunarlander/session_3,submitted
h6_matched,200,4,4,980263,/scratch/marzii/imitation_runs/demos/human_baseline/record_human_demos/lunarlander/session_3,submitted
