N,seed,h6_job,n_demos,n_success_gt200,mean_return,subset_path,session3_ids
5,0,363858,5,2,118.89,/scratch/marzii/imitation_runs/demos/bc_h6_matched/session_3_seed0_N5,105 6 168 90 65
5,1,363859,5,4,196.3,/scratch/marzii/imitation_runs/demos/bc_h6_matched/session_3_seed1_N5,81 121 63 31 88
5,2,363860,5,3,169.31,/scratch/marzii/imitation_runs/demos/bc_h6_matched/session_3_seed2_N5,71 96 26 194 98
5,3,363861,5,1,25.09,/scratch/marzii/imitation_runs/demos/bc_h6_matched/session_3_seed3_N5,142 117 119 99 128
5,4,363862,5,2,107.19,/scratch/marzii/imitation_runs/demos/bc_h6_matched/session_3_seed4_N5,185 173 101 99 199
10,0,363863,10,4,109.59,/scratch/marzii/imitation_runs/demos/bc_h6_matched/session_3_seed0_N10,105 6 168 90 65 159 71 165 111 179
10,1,363864,10,7,176.86,/scratch/marzii/imitation_runs/demos/bc_h6_matched/session_3_seed1_N10,81 121 63 31 88 59 113 7 176 29
10,2,363865,10,6,150.06,/scratch/marzii/imitation_runs/demos/bc_h6_matched/session_3_seed2_N10,71 96 26 194 98 75 47 95 156 174
10,3,363866,10,4,83.77,/scratch/marzii/imitation_runs/demos/bc_h6_matched/session_3_seed3_N10,142 117 119 99 128 6 84 135 190 81
10,4,363867,10,2,50.74,/scratch/marzii/imitation_runs/demos/bc_h6_matched/session_3_seed4_N10,185 173 101 99 199 46 13 149 27 125
50,0,363868,50,28,144.78,/scratch/marzii/imitation_runs/demos/bc_h6_matched/session_3_seed0_N50,105 6 168 90 65 159 71 165 111 179 92 91 171 152 157 72 131 126 54 142 139 158 180 0 117 39 191 138 153 119 68 99 198 136 163 60 145 5 123 80 116 89 10 172 13 35 83 160 154 84
50,1,363869,50,34,170.85,/scratch/marzii/imitation_runs/demos/bc_h6_matched/session_3_seed1_N50,81 121 63 31 88 59 113 7 176 29 144 90 112 20 139 47 153 24 22 109 44 9 181 86 61 138 79 103 21 156 8 94 170 105 106 66 4 70 123 119 18 19 52 111 198 148 135 13 99 65
50,2,363870,50,33,174.41,/scratch/marzii/imitation_runs/demos/bc_h6_matched/session_3_seed2_N50,71 96 26 194 98 75 47 95 156 174 45 69 141 32 181 172 155 115 168 132 59 0 11 185 183 136 80 48 126 131 170 153 134 61 145 162 150 39 23 151 112 35 36 166 52 10 50 53 27 78
50,3,363871,50,32,160.91,/scratch/marzii/imitation_runs/demos/bc_h6_matched/session_3_seed3_N50,142 117 119 99 128 6 84 135 190 81 131 186 100 169 62 24 162 34 126 43 23 155 151 98 45 152 42 156 96 118 28 32 60 189 199 83 198 136 171 18 197 181 27 25 184 123 104 101 120 85
50,4,363872,50,21,96.88,/scratch/marzii/imitation_runs/demos/bc_h6_matched/session_3_seed4_N50,185 173 101 99 199 46 13 149 27 125 24 197 139 127 3 160 106 45 60 113 7 142 192 35 94 167 36 128 15 177 118 156 117 57 42 72 122 158 37 79 121 140 174 186 82 148 133 144 97 51
100,0,363873,100,55,143.15,/scratch/marzii/imitation_runs/demos/bc_h6_matched/session_3_seed0_N100,105 6 168 90 65 159 71 165 111 179 92 91 171 152 157 72 131 126 54 142 139 158 180 0 117 39 191 138 153 119 68 99 198 136 163 60 145 5 123 80 116 89 10 172 13 35 83 160 154 84 36 144 112 167 17 75 187 150 70 192 109 25 155 41 87 42 174 133 124 53 102 118 98 170 122 28 93 18 106 132 141 186 16 47 43 189 8 140 64 183 82 30 94 135 97 195 44 1 149 2
100,1,363874,100,64,162.33,/scratch/marzii/imitation_runs/demos/bc_h6_matched/session_3_seed1_N100,81 121 63 31 88 59 113 7 176 29 144 90 112 20 139 47 153 24 22 109 44 9 181 86 61 138 79 103 21 156 8 94 170 105 106 66 4 70 123 119 18 19 52 111 198 148 135 13 99 65 78 26 142 158 101 54 185 43 124 57 125 140 120 5 38 178 141 80 136 108 149 34 32 130 84 117 6 73 37 150 172 134 74 71 48 23 126 83 27 40 67 110 17 166 28 97 197 180 133 16
100,2,363875,100,60,158.44,/scratch/marzii/imitation_runs/demos/bc_h6_matched/session_3_seed2_N100,71 96 26 194 98 75 47 95 156 174 45 69 141 32 181 172 155 115 168 132 59 0 11 185 183 136 80 48 126 131 170 153 134 61 145 162 150 39 23 151 112 35 36 166 52 10 50 53 27 78 184 67 2 110 161 38 66 15 81 199 42 118 135 107 4 144 146 163 14 117 173 82 13 165 191 116 120 56 51 113 192 143 158 190 40 160 147 175 123 70 93 140 197 129 108 7 54 186 189 148
100,3,363876,100,60,155.66,/scratch/marzii/imitation_runs/demos/bc_h6_matched/session_3_seed3_N100,142 117 119 99 128 6 84 135 190 81 131 186 100 169 62 24 162 34 126 43 23 155 151 98 45 152 42 156 96 118 28 32 60 189 199 83 198 136 171 18 197 181 27 25 184 123 104 101 120 85 178 140 139 196 64 112 129 11 92 182 91 185 71 58 20 22 65 124 82 53 89 87 48 35 145 188 108 132 195 77 122 56 193 154 51 133 1 41 105 165 175 17 93 106 19 170 30 150 86 158
100,4,363877,100,55,136.89,/scratch/marzii/imitation_runs/demos/bc_h6_matched/session_3_seed4_N100,185 173 101 99 199 46 13 149 27 125 24 197 139 127 3 160 106 45 60 113 7 142 192 35 94 167 36 128 15 177 118 156 117 57 42 72 122 158 37 79 121 140 174 186 82 148 133 144 97 51 107 66 67 77 64 11 136 8 44 76 194 85 112 172 47 93 129 91 130 114 157 70 115 16 163 58 183 119 65 89 154 61 41 52 26 31 5 138 75 137 131 100 49 165 32 88 92 108 166 71
200,0,363878,200,123,159.87,/scratch/marzii/imitation_runs/demos/bc_h6_matched/session_3_seed0_N200,105 6 168 90 65 159 71 165 111 179 92 91 171 152 157 72 131 126 54 142 139 158 180 0 117 39 191 138 153 119 68 99 198 136 163 60 145 5 123 80 116 89 10 172 13 35 83 160 154 84 36 144 112 167 17 75 187 150 70 192 109 25 155 41 87 42 174 133 124 53 102 118 98 170 122 28 93 18 106 132 141 186 16 47 43 189 8 140 64 183 82 30 94 135 97 195 44 1 149 2 196 164 11 188 103 48 37 52 162 15 88 177 23 130 129 178 38 100 50 110 55 20 9 34 74 27 114 137 57 40 148 175 22 19 108 143 4 194 81 79 85 3 161 66 147 107 197 146 134 67 151 24 193 21 156 128 62 45 86 63 125 26 51 101 49 173 96 181 61 12 32 56 46 58 14 73 166 185 190 115 31 104 176 77 76 7 199 69 113 127 121 78 120 59 182 29 169 184 33 95
200,1,363879,200,123,159.87,/scratch/marzii/imitation_runs/demos/bc_h6_matched/session_3_seed1_N200,81 121 63 31 88 59 113 7 176 29 144 90 112 20 139 47 153 24 22 109 44 9 181 86 61 138 79 103 21 156 8 94 170 105 106 66 4 70 123 119 18 19 52 111 198 148 135 13 99 65 78 26 142 158 101 54 185 43 124 57 125 140 120 5 38 178 141 80 136 108 149 34 32 130 84 117 6 73 37 150 172 134 74 71 48 23 126 83 27 40 67 110 17 166 28 97 197 180 133 16 35 152 182 107 75 173 186 14 131 55 155 89 96 159 196 45 87 30 171 161 199 145 143 191 1 60 127 128 114 163 157 64 195 92 147 15 39 189 190 122 56 151 91 3 82 167 62 95 162 68 104 33 175 41 188 115 25 137 179 100 116 0 183 118 77 177 49 146 132 85 165 93 129 11 12 184 192 193 168 10 58 194 154 164 46 53 50 98 2 42 76 51 36 69 72 160 169 174 187 102
200,2,363880,200,123,159.87,/scratch/marzii/imitation_runs/demos/bc_h6_matched/session_3_seed2_N200,71 96 26 194 98 75 47 95 156 174 45 69 141 32 181 172 155 115 168 132 59 0 11 185 183 136 80 48 126 131 170 153 134 61 145 162 150 39 23 151 112 35 36 166 52 10 50 53 27 78 184 67 2 110 161 38 66 15 81 199 42 118 135 107 4 144 146 163 14 117 173 82 13 165 191 116 120 56 51 113 192 143 158 190 40 160 147 175 123 70 93 140 197 129 108 7 54 186 189 148 25 92 84 97 187 28 171 114 65 195 74 9 5 119 133 177 86 89 44 85 19 127 154 104 76 196 49 176 18 182 139 142 188 138 62 8 179 149 63 6 34 29 21 137 91 102 198 180 3 169 79 12 33 87 20 73 90 68 124 101 167 41 55 152 103 43 128 60 58 64 164 106 46 16 94 24 111 125 77 88 57 22 1 130 121 178 122 109 159 17 83 105 37 157 31 30 99 100 72 193
200,3,363881,200,123,159.87,/scratch/marzii/imitation_runs/demos/bc_h6_matched/session_3_seed3_N200,142 117 119 99 128 6 84 135 190 81 131 186 100 169 62 24 162 34 126 43 23 155 151 98 45 152 42 156 96 118 28 32 60 189 199 83 198 136 171 18 197 181 27 25 184 123 104 101 120 85 178 140 139 196 64 112 129 11 92 182 91 185 71 58 20 22 65 124 82 53 89 87 48 35 145 188 108 132 195 77 122 56 193 154 51 133 1 41 105 165 175 17 93 106 19 170 30 150 86 158 2 75 138 15 72 12 31 121 113 164 67 68 37 69 116 21 3 66 130 111 114 63 172 0 192 163 141 46 159 78 174 146 143 44 110 102 4 180 153 125 49 183 173 90 95 10 179 38 176 166 55 94 39 161 127 134 52 107 167 177 9 29 61 103 187 109 76 115 191 13 40 149 148 88 79 160 73 194 74 97 47 80 16 168 157 8 137 50 70 33 26 59 7 144 14 57 36 54 5 147
200,4,363882,200,123,159.87,/scratch/marzii/imitation_runs/demos/bc_h6_matched/session_3_seed4_N200,185 173 101 99 199 46 13 149 27 125 24 197 139 127 3 160 106 45 60 113 7 142 192 35 94 167 36 128 15 177 118 156 117 57 42 72 122 158 37 79 121 140 174 186 82 148 133 144 97 51 107 66 67 77 64 11 136 8 44 76 194 85 112 172 47 93 129 91 130 114 157 70 115 16 163 58 183 119 65 89 154 61 41 52 26 31 5 138 75 137 131 100 49 165 32 88 92 108 166 71 188 109 25 178 155 19 196 12 171 43 39 59 189 0 151 10 2 135 90 168 38 146 176 120 63 34 30 23 102 81 40 162 164 134 33 56 14 105 29 73 150 111 18 83 161 1 50 159 80 169 86 175 21 141 104 87 48 17 98 152 147 184 124 103 193 187 74 84 170 55 182 53 28 96 180 190 116 153 126 143 9 22 198 69 62 95 20 68 145 4 123 191 6 179 110 54 132 195 181 78
