condition,N,seed,slurm_job_id,demo_path,status
expert15,15,0,325956,/scratch/marzii/imitation_runs/expert/lunarlander/4615187/rollouts/final.npz,submitted
expert15,15,1,325994,/scratch/marzii/imitation_runs/expert/lunarlander/4615187/rollouts/final.npz,submitted
expert15,15,2,325995,/scratch/marzii/imitation_runs/expert/lunarlander/4615187/rollouts/final.npz,submitted
expert15,15,3,325996,/scratch/marzii/imitation_runs/expert/lunarlander/4615187/rollouts/final.npz,submitted
expert15,15,4,325997,/scratch/marzii/imitation_runs/expert/lunarlander/4615187/rollouts/final.npz,submitted
expert15,15,5,325998,/scratch/marzii/imitation_runs/expert/lunarlander/4615187/rollouts/final.npz,submitted
expert15,15,6,325999,/scratch/marzii/imitation_runs/expert/lunarlander/4615187/rollouts/final.npz,submitted
expert15,15,7,326000,/scratch/marzii/imitation_runs/expert/lunarlander/4615187/rollouts/final.npz,submitted
expert15,15,8,326001,/scratch/marzii/imitation_runs/expert/lunarlander/4615187/rollouts/final.npz,submitted
expert15,15,9,326002,/scratch/marzii/imitation_runs/expert/lunarlander/4615187/rollouts/final.npz,submitted
expert15,15,10,326003,/scratch/marzii/imitation_runs/expert/lunarlander/4615187/rollouts/final.npz,submitted
expert15,15,11,326004,/scratch/marzii/imitation_runs/expert/lunarlander/4615187/rollouts/final.npz,submitted
expert15,15,12,326005,/scratch/marzii/imitation_runs/expert/lunarlander/4615187/rollouts/final.npz,submitted
expert15,15,13,326006,/scratch/marzii/imitation_runs/expert/lunarlander/4615187/rollouts/final.npz,submitted
expert15,15,14,326007,/scratch/marzii/imitation_runs/expert/lunarlander/4615187/rollouts/final.npz,submitted
expert15,15,15,326008,/scratch/marzii/imitation_runs/expert/lunarlander/4615187/rollouts/final.npz,submitted
expert15,15,16,326009,/scratch/marzii/imitation_runs/expert/lunarlander/4615187/rollouts/final.npz,submitted
expert15,15,17,326010,/scratch/marzii/imitation_runs/expert/lunarlander/4615187/rollouts/final.npz,submitted
expert15,15,18,326011,/scratch/marzii/imitation_runs/expert/lunarlander/4615187/rollouts/final.npz,submitted
expert15,15,19,326012,/scratch/marzii/imitation_runs/expert/lunarlander/4615187/rollouts/final.npz,submitted
expert15,15,20,326013,/scratch/marzii/imitation_runs/expert/lunarlander/4615187/rollouts/final.npz,submitted
expert15,15,21,326014,/scratch/marzii/imitation_runs/expert/lunarlander/4615187/rollouts/final.npz,submitted
expert15,15,22,326015,/scratch/marzii/imitation_runs/expert/lunarlander/4615187/rollouts/final.npz,submitted
expert15,15,23,326016,/scratch/marzii/imitation_runs/expert/lunarlander/4615187/rollouts/final.npz,submitted
expert15,15,24,326017,/scratch/marzii/imitation_runs/expert/lunarlander/4615187/rollouts/final.npz,submitted
expert15,15,25,326018,/scratch/marzii/imitation_runs/expert/lunarlander/4615187/rollouts/final.npz,submitted
expert15,15,26,326019,/scratch/marzii/imitation_runs/expert/lunarlander/4615187/rollouts/final.npz,submitted
expert15,15,27,326020,/scratch/marzii/imitation_runs/expert/lunarlander/4615187/rollouts/final.npz,submitted
expert15,15,28,326021,/scratch/marzii/imitation_runs/expert/lunarlander/4615187/rollouts/final.npz,submitted
expert15,15,29,326022,/scratch/marzii/imitation_runs/expert/lunarlander/4615187/rollouts/final.npz,submitted
human_flagged15,15,0,326023,/scratch/marzii/imitation_runs/demos/harder_vs_easier/record_lander_vanish/demos/human/vanish_p0/session_1_flagged,submitted
human_flagged15,15,1,326024,/scratch/marzii/imitation_runs/demos/harder_vs_easier/record_lander_vanish/demos/human/vanish_p0/session_1_flagged,submitted
human_flagged15,15,2,326025,/scratch/marzii/imitation_runs/demos/harder_vs_easier/record_lander_vanish/demos/human/vanish_p0/session_1_flagged,submitted
human_flagged15,15,3,326026,/scratch/marzii/imitation_runs/demos/harder_vs_easier/record_lander_vanish/demos/human/vanish_p0/session_1_flagged,submitted
human_flagged15,15,4,326027,/scratch/marzii/imitation_runs/demos/harder_vs_easier/record_lander_vanish/demos/human/vanish_p0/session_1_flagged,submitted
human_flagged15,15,5,326028,/scratch/marzii/imitation_runs/demos/harder_vs_easier/record_lander_vanish/demos/human/vanish_p0/session_1_flagged,submitted
human_flagged15,15,6,326029,/scratch/marzii/imitation_runs/demos/harder_vs_easier/record_lander_vanish/demos/human/vanish_p0/session_1_flagged,submitted
human_flagged15,15,7,326030,/scratch/marzii/imitation_runs/demos/harder_vs_easier/record_lander_vanish/demos/human/vanish_p0/session_1_flagged,submitted
human_flagged15,15,8,326031,/scratch/marzii/imitation_runs/demos/harder_vs_easier/record_lander_vanish/demos/human/vanish_p0/session_1_flagged,submitted
human_flagged15,15,9,326032,/scratch/marzii/imitation_runs/demos/harder_vs_easier/record_lander_vanish/demos/human/vanish_p0/session_1_flagged,submitted
human_flagged15,15,10,326033,/scratch/marzii/imitation_runs/demos/harder_vs_easier/record_lander_vanish/demos/human/vanish_p0/session_1_flagged,submitted
human_flagged15,15,11,326034,/scratch/marzii/imitation_runs/demos/harder_vs_easier/record_lander_vanish/demos/human/vanish_p0/session_1_flagged,submitted
human_flagged15,15,12,326035,/scratch/marzii/imitation_runs/demos/harder_vs_easier/record_lander_vanish/demos/human/vanish_p0/session_1_flagged,submitted
human_flagged15,15,13,326036,/scratch/marzii/imitation_runs/demos/harder_vs_easier/record_lander_vanish/demos/human/vanish_p0/session_1_flagged,submitted
human_flagged15,15,14,326037,/scratch/marzii/imitation_runs/demos/harder_vs_easier/record_lander_vanish/demos/human/vanish_p0/session_1_flagged,submitted
human_flagged15,15,15,326038,/scratch/marzii/imitation_runs/demos/harder_vs_easier/record_lander_vanish/demos/human/vanish_p0/session_1_flagged,submitted
human_flagged15,15,16,326039,/scratch/marzii/imitation_runs/demos/harder_vs_easier/record_lander_vanish/demos/human/vanish_p0/session_1_flagged,submitted
human_flagged15,15,17,326040,/scratch/marzii/imitation_runs/demos/harder_vs_easier/record_lander_vanish/demos/human/vanish_p0/session_1_flagged,submitted
human_flagged15,15,18,326041,/scratch/marzii/imitation_runs/demos/harder_vs_easier/record_lander_vanish/demos/human/vanish_p0/session_1_flagged,submitted
human_flagged15,15,19,326042,/scratch/marzii/imitation_runs/demos/harder_vs_easier/record_lander_vanish/demos/human/vanish_p0/session_1_flagged,submitted
human_flagged15,15,20,326043,/scratch/marzii/imitation_runs/demos/harder_vs_easier/record_lander_vanish/demos/human/vanish_p0/session_1_flagged,submitted
human_flagged15,15,21,326044,/scratch/marzii/imitation_runs/demos/harder_vs_easier/record_lander_vanish/demos/human/vanish_p0/session_1_flagged,submitted
human_flagged15,15,22,326045,/scratch/marzii/imitation_runs/demos/harder_vs_easier/record_lander_vanish/demos/human/vanish_p0/session_1_flagged,submitted
human_flagged15,15,23,326046,/scratch/marzii/imitation_runs/demos/harder_vs_easier/record_lander_vanish/demos/human/vanish_p0/session_1_flagged,submitted
human_flagged15,15,24,326047,/scratch/marzii/imitation_runs/demos/harder_vs_easier/record_lander_vanish/demos/human/vanish_p0/session_1_flagged,submitted
human_flagged15,15,25,326048,/scratch/marzii/imitation_runs/demos/harder_vs_easier/record_lander_vanish/demos/human/vanish_p0/session_1_flagged,submitted
human_flagged15,15,26,326049,/scratch/marzii/imitation_runs/demos/harder_vs_easier/record_lander_vanish/demos/human/vanish_p0/session_1_flagged,submitted
human_flagged15,15,27,326050,/scratch/marzii/imitation_runs/demos/harder_vs_easier/record_lander_vanish/demos/human/vanish_p0/session_1_flagged,submitted
human_flagged15,15,28,326051,/scratch/marzii/imitation_runs/demos/harder_vs_easier/record_lander_vanish/demos/human/vanish_p0/session_1_flagged,submitted
human_flagged15,15,29,326052,/scratch/marzii/imitation_runs/demos/harder_vs_easier/record_lander_vanish/demos/human/vanish_p0/session_1_flagged,submitted
human_first15,15,0,326053,/scratch/marzii/imitation_runs/demos/harder_vs_easier/record_lander_vanish/demos/human/vanish_p0/session_1,submitted
human_first15,15,1,326054,/scratch/marzii/imitation_runs/demos/harder_vs_easier/record_lander_vanish/demos/human/vanish_p0/session_1,submitted
human_first15,15,2,326055,/scratch/marzii/imitation_runs/demos/harder_vs_easier/record_lander_vanish/demos/human/vanish_p0/session_1,submitted
human_first15,15,3,326056,/scratch/marzii/imitation_runs/demos/harder_vs_easier/record_lander_vanish/demos/human/vanish_p0/session_1,submitted
human_first15,15,4,326057,/scratch/marzii/imitation_runs/demos/harder_vs_easier/record_lander_vanish/demos/human/vanish_p0/session_1,submitted
human_first15,15,5,326058,/scratch/marzii/imitation_runs/demos/harder_vs_easier/record_lander_vanish/demos/human/vanish_p0/session_1,submitted
human_first15,15,6,326059,/scratch/marzii/imitation_runs/demos/harder_vs_easier/record_lander_vanish/demos/human/vanish_p0/session_1,submitted
human_first15,15,7,326060,/scratch/marzii/imitation_runs/demos/harder_vs_easier/record_lander_vanish/demos/human/vanish_p0/session_1,submitted
human_first15,15,8,326061,/scratch/marzii/imitation_runs/demos/harder_vs_easier/record_lander_vanish/demos/human/vanish_p0/session_1,submitted
human_first15,15,9,326062,/scratch/marzii/imitation_runs/demos/harder_vs_easier/record_lander_vanish/demos/human/vanish_p0/session_1,submitted
human_first15,15,10,326063,/scratch/marzii/imitation_runs/demos/harder_vs_easier/record_lander_vanish/demos/human/vanish_p0/session_1,submitted
human_first15,15,11,326064,/scratch/marzii/imitation_runs/demos/harder_vs_easier/record_lander_vanish/demos/human/vanish_p0/session_1,submitted
human_first15,15,12,326065,/scratch/marzii/imitation_runs/demos/harder_vs_easier/record_lander_vanish/demos/human/vanish_p0/session_1,submitted
human_first15,15,13,326066,/scratch/marzii/imitation_runs/demos/harder_vs_easier/record_lander_vanish/demos/human/vanish_p0/session_1,submitted
human_first15,15,14,326067,/scratch/marzii/imitation_runs/demos/harder_vs_easier/record_lander_vanish/demos/human/vanish_p0/session_1,submitted
human_first15,15,15,326068,/scratch/marzii/imitation_runs/demos/harder_vs_easier/record_lander_vanish/demos/human/vanish_p0/session_1,submitted
human_first15,15,16,326069,/scratch/marzii/imitation_runs/demos/harder_vs_easier/record_lander_vanish/demos/human/vanish_p0/session_1,submitted
human_first15,15,17,326070,/scratch/marzii/imitation_runs/demos/harder_vs_easier/record_lander_vanish/demos/human/vanish_p0/session_1,submitted
human_first15,15,18,326071,/scratch/marzii/imitation_runs/demos/harder_vs_easier/record_lander_vanish/demos/human/vanish_p0/session_1,submitted
human_first15,15,19,326072,/scratch/marzii/imitation_runs/demos/harder_vs_easier/record_lander_vanish/demos/human/vanish_p0/session_1,submitted
human_first15,15,20,326073,/scratch/marzii/imitation_runs/demos/harder_vs_easier/record_lander_vanish/demos/human/vanish_p0/session_1,submitted
human_first15,15,21,326074,/scratch/marzii/imitation_runs/demos/harder_vs_easier/record_lander_vanish/demos/human/vanish_p0/session_1,submitted
human_first15,15,22,326075,/scratch/marzii/imitation_runs/demos/harder_vs_easier/record_lander_vanish/demos/human/vanish_p0/session_1,submitted
human_first15,15,23,326076,/scratch/marzii/imitation_runs/demos/harder_vs_easier/record_lander_vanish/demos/human/vanish_p0/session_1,submitted
human_first15,15,24,326077,/scratch/marzii/imitation_runs/demos/harder_vs_easier/record_lander_vanish/demos/human/vanish_p0/session_1,submitted
human_first15,15,25,326078,/scratch/marzii/imitation_runs/demos/harder_vs_easier/record_lander_vanish/demos/human/vanish_p0/session_1,submitted
human_first15,15,26,326079,/scratch/marzii/imitation_runs/demos/harder_vs_easier/record_lander_vanish/demos/human/vanish_p0/session_1,submitted
human_first15,15,27,326080,/scratch/marzii/imitation_runs/demos/harder_vs_easier/record_lander_vanish/demos/human/vanish_p0/session_1,submitted
human_first15,15,28,326081,/scratch/marzii/imitation_runs/demos/harder_vs_easier/record_lander_vanish/demos/human/vanish_p0/session_1,submitted
human_first15,15,29,326082,/scratch/marzii/imitation_runs/demos/harder_vs_easier/record_lander_vanish/demos/human/vanish_p0/session_1,submitted
