arm,N,seed,slurm_job_id,demo_path,status
rand_gt200,1,0,1121375,/scratch/marzii/imitation_runs/demos/human_baseline/record_human_demos/lunarlander/session_3_ext700_ret_gt200,submitted
rand_gt200,5,0,1121439,/scratch/marzii/imitation_runs/demos/human_baseline/record_human_demos/lunarlander/session_3_ext700_ret_gt200,submitted
rand_gt200,5,1,1121440,/scratch/marzii/imitation_runs/demos/human_baseline/record_human_demos/lunarlander/session_3_ext700_ret_gt200,submitted
rand_gt200,5,2,1121441,/scratch/marzii/imitation_runs/demos/human_baseline/record_human_demos/lunarlander/session_3_ext700_ret_gt200,submitted
rand_gt200,5,3,1121442,/scratch/marzii/imitation_runs/demos/human_baseline/record_human_demos/lunarlander/session_3_ext700_ret_gt200,submitted
rand_gt200,5,4,1121443,/scratch/marzii/imitation_runs/demos/human_baseline/record_human_demos/lunarlander/session_3_ext700_ret_gt200,submitted
rand_gt200,5,5,1121444,/scratch/marzii/imitation_runs/demos/human_baseline/record_human_demos/lunarlander/session_3_ext700_ret_gt200,submitted
rand_gt200,5,6,1121445,/scratch/marzii/imitation_runs/demos/human_baseline/record_human_demos/lunarlander/session_3_ext700_ret_gt200,submitted
rand_gt200,5,7,1121446,/scratch/marzii/imitation_runs/demos/human_baseline/record_human_demos/lunarlander/session_3_ext700_ret_gt200,submitted
rand_gt200,5,8,1121447,/scratch/marzii/imitation_runs/demos/human_baseline/record_human_demos/lunarlander/session_3_ext700_ret_gt200,submitted
rand_gt200,5,9,1121448,/scratch/marzii/imitation_runs/demos/human_baseline/record_human_demos/lunarlander/session_3_ext700_ret_gt200,submitted
rand_gt200,10,0,1121449,/scratch/marzii/imitation_runs/demos/human_baseline/record_human_demos/lunarlander/session_3_ext700_ret_gt200,submitted
rand_gt200,10,1,1121450,/scratch/marzii/imitation_runs/demos/human_baseline/record_human_demos/lunarlander/session_3_ext700_ret_gt200,submitted
rand_gt200,10,2,1121451,/scratch/marzii/imitation_runs/demos/human_baseline/record_human_demos/lunarlander/session_3_ext700_ret_gt200,submitted
rand_gt200,10,3,1121452,/scratch/marzii/imitation_runs/demos/human_baseline/record_human_demos/lunarlander/session_3_ext700_ret_gt200,submitted
rand_gt200,10,4,1121453,/scratch/marzii/imitation_runs/demos/human_baseline/record_human_demos/lunarlander/session_3_ext700_ret_gt200,submitted
rand_gt200,10,5,1121454,/scratch/marzii/imitation_runs/demos/human_baseline/record_human_demos/lunarlander/session_3_ext700_ret_gt200,submitted
rand_gt200,10,6,1121455,/scratch/marzii/imitation_runs/demos/human_baseline/record_human_demos/lunarlander/session_3_ext700_ret_gt200,submitted
rand_gt200,10,7,1121456,/scratch/marzii/imitation_runs/demos/human_baseline/record_human_demos/lunarlander/session_3_ext700_ret_gt200,submitted
rand_gt200,10,8,1121457,/scratch/marzii/imitation_runs/demos/human_baseline/record_human_demos/lunarlander/session_3_ext700_ret_gt200,submitted
rand_gt200,10,9,1121458,/scratch/marzii/imitation_runs/demos/human_baseline/record_human_demos/lunarlander/session_3_ext700_ret_gt200,submitted
rand_gt200,50,0,1121459,/scratch/marzii/imitation_runs/demos/human_baseline/record_human_demos/lunarlander/session_3_ext700_ret_gt200,submitted
rand_gt200,50,1,1121460,/scratch/marzii/imitation_runs/demos/human_baseline/record_human_demos/lunarlander/session_3_ext700_ret_gt200,submitted
rand_gt200,50,2,1121461,/scratch/marzii/imitation_runs/demos/human_baseline/record_human_demos/lunarlander/session_3_ext700_ret_gt200,submitted
rand_gt200,50,3,1121462,/scratch/marzii/imitation_runs/demos/human_baseline/record_human_demos/lunarlander/session_3_ext700_ret_gt200,submitted
rand_gt200,50,4,1121463,/scratch/marzii/imitation_runs/demos/human_baseline/record_human_demos/lunarlander/session_3_ext700_ret_gt200,submitted
rand_gt200,50,5,1121464,/scratch/marzii/imitation_runs/demos/human_baseline/record_human_demos/lunarlander/session_3_ext700_ret_gt200,submitted
rand_gt200,50,6,1121465,/scratch/marzii/imitation_runs/demos/human_baseline/record_human_demos/lunarlander/session_3_ext700_ret_gt200,submitted
rand_gt200,50,7,1121466,/scratch/marzii/imitation_runs/demos/human_baseline/record_human_demos/lunarlander/session_3_ext700_ret_gt200,submitted
rand_gt200,50,8,1121467,/scratch/marzii/imitation_runs/demos/human_baseline/record_human_demos/lunarlander/session_3_ext700_ret_gt200,submitted
rand_gt200,50,9,1121468,/scratch/marzii/imitation_runs/demos/human_baseline/record_human_demos/lunarlander/session_3_ext700_ret_gt200,submitted
rand_gt200,100,0,1121469,/scratch/marzii/imitation_runs/demos/human_baseline/record_human_demos/lunarlander/session_3_ext700_ret_gt200,submitted
rand_gt200,100,1,1121470,/scratch/marzii/imitation_runs/demos/human_baseline/record_human_demos/lunarlander/session_3_ext700_ret_gt200,submitted
rand_gt200,100,2,1121471,/scratch/marzii/imitation_runs/demos/human_baseline/record_human_demos/lunarlander/session_3_ext700_ret_gt200,submitted
rand_gt200,100,3,1121472,/scratch/marzii/imitation_runs/demos/human_baseline/record_human_demos/lunarlander/session_3_ext700_ret_gt200,submitted
rand_gt200,100,4,1121473,/scratch/marzii/imitation_runs/demos/human_baseline/record_human_demos/lunarlander/session_3_ext700_ret_gt200,submitted
rand_gt200,100,5,1121474,/scratch/marzii/imitation_runs/demos/human_baseline/record_human_demos/lunarlander/session_3_ext700_ret_gt200,submitted
rand_gt200,100,6,1121475,/scratch/marzii/imitation_runs/demos/human_baseline/record_human_demos/lunarlander/session_3_ext700_ret_gt200,submitted
rand_gt200,100,7,1121476,/scratch/marzii/imitation_runs/demos/human_baseline/record_human_demos/lunarlander/session_3_ext700_ret_gt200,submitted
rand_gt200,100,8,1121477,/scratch/marzii/imitation_runs/demos/human_baseline/record_human_demos/lunarlander/session_3_ext700_ret_gt200,submitted
rand_gt200,100,9,1121478,/scratch/marzii/imitation_runs/demos/human_baseline/record_human_demos/lunarlander/session_3_ext700_ret_gt200,submitted
rand_gt200,250,0,1121479,/scratch/marzii/imitation_runs/demos/human_baseline/record_human_demos/lunarlander/session_3_ext700_ret_gt200,submitted
rand_gt200,250,1,1121480,/scratch/marzii/imitation_runs/demos/human_baseline/record_human_demos/lunarlander/session_3_ext700_ret_gt200,submitted
rand_gt200,250,2,1121481,/scratch/marzii/imitation_runs/demos/human_baseline/record_human_demos/lunarlander/session_3_ext700_ret_gt200,submitted
rand_gt200,250,3,1121482,/scratch/marzii/imitation_runs/demos/human_baseline/record_human_demos/lunarlander/session_3_ext700_ret_gt200,submitted
rand_gt200,250,4,1121483,/scratch/marzii/imitation_runs/demos/human_baseline/record_human_demos/lunarlander/session_3_ext700_ret_gt200,submitted
rand_gt200,250,5,1121484,/scratch/marzii/imitation_runs/demos/human_baseline/record_human_demos/lunarlander/session_3_ext700_ret_gt200,submitted
rand_gt200,250,6,1121485,/scratch/marzii/imitation_runs/demos/human_baseline/record_human_demos/lunarlander/session_3_ext700_ret_gt200,submitted
rand_gt200,250,7,1121486,/scratch/marzii/imitation_runs/demos/human_baseline/record_human_demos/lunarlander/session_3_ext700_ret_gt200,submitted
rand_gt200,250,8,1121487,/scratch/marzii/imitation_runs/demos/human_baseline/record_human_demos/lunarlander/session_3_ext700_ret_gt200,submitted
rand_gt200,250,9,1121488,/scratch/marzii/imitation_runs/demos/human_baseline/record_human_demos/lunarlander/session_3_ext700_ret_gt200,submitted
rand_gt200,400,0,1121489,/scratch/marzii/imitation_runs/demos/human_baseline/record_human_demos/lunarlander/session_3_ext700_ret_gt200,submitted
rand_gt200,400,1,1121490,/scratch/marzii/imitation_runs/demos/human_baseline/record_human_demos/lunarlander/session_3_ext700_ret_gt200,submitted
rand_gt200,400,2,1121491,/scratch/marzii/imitation_runs/demos/human_baseline/record_human_demos/lunarlander/session_3_ext700_ret_gt200,submitted
rand_gt200,400,3,1121492,/scratch/marzii/imitation_runs/demos/human_baseline/record_human_demos/lunarlander/session_3_ext700_ret_gt200,submitted
rand_gt200,400,4,1121493,/scratch/marzii/imitation_runs/demos/human_baseline/record_human_demos/lunarlander/session_3_ext700_ret_gt200,submitted
rand_gt200,400,5,1121494,/scratch/marzii/imitation_runs/demos/human_baseline/record_human_demos/lunarlander/session_3_ext700_ret_gt200,submitted
rand_gt200,400,6,1121495,/scratch/marzii/imitation_runs/demos/human_baseline/record_human_demos/lunarlander/session_3_ext700_ret_gt200,submitted
rand_gt200,400,7,1121496,/scratch/marzii/imitation_runs/demos/human_baseline/record_human_demos/lunarlander/session_3_ext700_ret_gt200,submitted
rand_gt200,400,8,1121497,/scratch/marzii/imitation_runs/demos/human_baseline/record_human_demos/lunarlander/session_3_ext700_ret_gt200,submitted
rand_gt200,400,9,1121498,/scratch/marzii/imitation_runs/demos/human_baseline/record_human_demos/lunarlander/session_3_ext700_ret_gt200,submitted
rand_gt200,1,1,1121508,/scratch/marzii/imitation_runs/demos/human_baseline/record_human_demos/lunarlander/session_3_ext700_ret_gt200,submitted
rand_gt200,1,2,1121509,/scratch/marzii/imitation_runs/demos/human_baseline/record_human_demos/lunarlander/session_3_ext700_ret_gt200,submitted
rand_gt200,1,3,1121510,/scratch/marzii/imitation_runs/demos/human_baseline/record_human_demos/lunarlander/session_3_ext700_ret_gt200,submitted
rand_gt200,1,4,1121511,/scratch/marzii/imitation_runs/demos/human_baseline/record_human_demos/lunarlander/session_3_ext700_ret_gt200,submitted
rand_gt200,1,5,1121512,/scratch/marzii/imitation_runs/demos/human_baseline/record_human_demos/lunarlander/session_3_ext700_ret_gt200,submitted
rand_gt200,1,6,1121513,/scratch/marzii/imitation_runs/demos/human_baseline/record_human_demos/lunarlander/session_3_ext700_ret_gt200,submitted
rand_gt200,1,7,1121514,/scratch/marzii/imitation_runs/demos/human_baseline/record_human_demos/lunarlander/session_3_ext700_ret_gt200,submitted
rand_gt200,1,8,1121515,/scratch/marzii/imitation_runs/demos/human_baseline/record_human_demos/lunarlander/session_3_ext700_ret_gt200,submitted
rand_gt200,1,9,1121516,/scratch/marzii/imitation_runs/demos/human_baseline/record_human_demos/lunarlander/session_3_ext700_ret_gt200,submitted
