airl_session3_ext700_ksweep_2026-08-13.csv	AIRL
airl_session3_ranked_ksweep_2026-08-12.csv	AIRL
bc_lunarlander_2026-08-03.csv	BC
bc_warmstart_2026-08-12.csv	BC
bc_warmstart_ext700_2026-08-13.csv	BC
gail_blind_expert_2026-07-01.csv	GAIL
gail_blind_expert_block_2026-07-02.csv	GAIL
gail_blind_human_2026-07-03.csv	GAIL
gail_blind_human_b5_2026-07-09.csv	GAIL
gail_expert15_cap1000_2026-08-03.csv	GAIL
gail_grid_2026-05-12.csv	GAIL
gail_grid_count_2026-06-18.csv	GAIL
gail_grid_count_2026-07-22.csv	GAIL
gail_grid_count_FS_2026-06-18.csv	GAIL
gail_grid_noise_2026-06-18.csv	GAIL
gail_grid_noise_N15_2026-07-21.csv	GAIL
gail_grid_noise_N15_2026-07-21.csv.bak2	GAIL
gail_grid_noise_N15_2026-07-22.csv	GAIL
gail_grid_noise_N15_2026-07-22.csv.bak	GAIL
gail_grid_noise_N15_2026-07-23.csv	GAIL
gail_grid_noise_N50_2026-07-07.csv	GAIL
gail_grid_noise_N5_2026-06-30.csv	GAIL
gail_lander_delay_human_2026-07-29.csv	GAIL
gail_lander_speed_human_2026-07-28.csv	GAIL
gail_lander_speed_human_2026-07-29.csv	GAIL
gail_lander_vanish_human_2026-07-24.csv	GAIL
gail_lander_vanish_human_2026-07-27.csv	GAIL
gail_lander_vanish_human_2026-07-28.csv	GAIL
gail_noise_variants_2026-07-02.csv	GAIL
gail_noise_variants_N5_2026-07-02.csv	GAIL
gail_session3_curated_2026-08-07.csv	GAIL
gail_session3_curation_2026-08-05.csv	GAIL
gail_session3_ext700_RA_ksweep_2026-08-13.csv	GAIL
gail_session3_ext700_ksweep_2026-08-13.csv	GAIL
gail_session3_ranked_RA_ksweep_2026-08-12.csv	GAIL
gail_session3_ranked_ksweep_2026-08-12.csv	GAIL
gail_vanish_p0_cap1000_2026-08-03.csv	GAIL
