condition,N,seed,array_job,task,label_dir,dataset,status
lunarlander-human-count-v2-N10,10,0,781068,0,/scratch/marzii/PT/human_label/human,mixture-v2 (seed_0/render),submitted
lunarlander-human-count-v2-N10,10,1,781068,1,/scratch/marzii/PT/human_label/human,mixture-v2 (seed_0/render),submitted
lunarlander-human-count-v2-N10,10,2,781068,2,/scratch/marzii/PT/human_label/human,mixture-v2 (seed_0/render),submitted
lunarlander-human-count-v2-N10,10,3,781068,3,/scratch/marzii/PT/human_label/human,mixture-v2 (seed_0/render),submitted
lunarlander-human-count-v2-N10,10,4,781068,4,/scratch/marzii/PT/human_label/human,mixture-v2 (seed_0/render),submitted
lunarlander-human-count-v2-N10,10,5,781068,5,/scratch/marzii/PT/human_label/human,mixture-v2 (seed_0/render),submitted
lunarlander-human-count-v2-N10,10,6,781068,6,/scratch/marzii/PT/human_label/human,mixture-v2 (seed_0/render),submitted
lunarlander-human-count-v2-N10,10,7,781068,7,/scratch/marzii/PT/human_label/human,mixture-v2 (seed_0/render),submitted
lunarlander-human-count-v2-N10,10,8,781068,8,/scratch/marzii/PT/human_label/human,mixture-v2 (seed_0/render),submitted
lunarlander-human-count-v2-N10,10,9,781068,9,/scratch/marzii/PT/human_label/human,mixture-v2 (seed_0/render),submitted
lunarlander-human-count-v2-N10,10,10,781068,10,/scratch/marzii/PT/human_label/human,mixture-v2 (seed_0/render),submitted
lunarlander-human-count-v2-N10,10,11,781068,11,/scratch/marzii/PT/human_label/human,mixture-v2 (seed_0/render),submitted
lunarlander-human-count-v2-N10,10,12,781068,12,/scratch/marzii/PT/human_label/human,mixture-v2 (seed_0/render),submitted
lunarlander-human-count-v2-N10,10,13,781068,13,/scratch/marzii/PT/human_label/human,mixture-v2 (seed_0/render),submitted
lunarlander-human-count-v2-N10,10,14,781068,14,/scratch/marzii/PT/human_label/human,mixture-v2 (seed_0/render),submitted
lunarlander-human-count-v2-N10,10,15,781068,15,/scratch/marzii/PT/human_label/human,mixture-v2 (seed_0/render),submitted
lunarlander-human-count-v2-N10,10,16,781068,16,/scratch/marzii/PT/human_label/human,mixture-v2 (seed_0/render),submitted
lunarlander-human-count-v2-N10,10,17,781068,17,/scratch/marzii/PT/human_label/human,mixture-v2 (seed_0/render),submitted
lunarlander-human-count-v2-N10,10,18,781068,18,/scratch/marzii/PT/human_label/human,mixture-v2 (seed_0/render),submitted
lunarlander-human-count-v2-N10,10,19,781068,19,/scratch/marzii/PT/human_label/human,mixture-v2 (seed_0/render),submitted
lunarlander-human-count-v2-N10,10,20,781068,20,/scratch/marzii/PT/human_label/human,mixture-v2 (seed_0/render),submitted
lunarlander-human-count-v2-N10,10,21,781068,21,/scratch/marzii/PT/human_label/human,mixture-v2 (seed_0/render),submitted
lunarlander-human-count-v2-N10,10,22,781068,22,/scratch/marzii/PT/human_label/human,mixture-v2 (seed_0/render),submitted
lunarlander-human-count-v2-N10,10,23,781068,23,/scratch/marzii/PT/human_label/human,mixture-v2 (seed_0/render),submitted
lunarlander-human-count-v2-N10,10,24,781068,24,/scratch/marzii/PT/human_label/human,mixture-v2 (seed_0/render),submitted
lunarlander-human-count-v2-N10,10,25,781068,25,/scratch/marzii/PT/human_label/human,mixture-v2 (seed_0/render),submitted
lunarlander-human-count-v2-N10,10,26,781068,26,/scratch/marzii/PT/human_label/human,mixture-v2 (seed_0/render),submitted
lunarlander-human-count-v2-N10,10,27,781068,27,/scratch/marzii/PT/human_label/human,mixture-v2 (seed_0/render),submitted
lunarlander-human-count-v2-N10,10,28,781068,28,/scratch/marzii/PT/human_label/human,mixture-v2 (seed_0/render),submitted
lunarlander-human-count-v2-N10,10,29,781068,29,/scratch/marzii/PT/human_label/human,mixture-v2 (seed_0/render),submitted
lunarlander-human-count-v2-N50,50,0,781069,0,/scratch/marzii/PT/human_label/human,mixture-v2 (seed_0/render),submitted
lunarlander-human-count-v2-N50,50,1,781069,1,/scratch/marzii/PT/human_label/human,mixture-v2 (seed_0/render),submitted
lunarlander-human-count-v2-N50,50,2,781069,2,/scratch/marzii/PT/human_label/human,mixture-v2 (seed_0/render),submitted
lunarlander-human-count-v2-N50,50,3,781069,3,/scratch/marzii/PT/human_label/human,mixture-v2 (seed_0/render),submitted
lunarlander-human-count-v2-N50,50,4,781069,4,/scratch/marzii/PT/human_label/human,mixture-v2 (seed_0/render),submitted
lunarlander-human-count-v2-N50,50,5,781069,5,/scratch/marzii/PT/human_label/human,mixture-v2 (seed_0/render),submitted
lunarlander-human-count-v2-N50,50,6,781069,6,/scratch/marzii/PT/human_label/human,mixture-v2 (seed_0/render),submitted
lunarlander-human-count-v2-N50,50,7,781069,7,/scratch/marzii/PT/human_label/human,mixture-v2 (seed_0/render),submitted
lunarlander-human-count-v2-N50,50,8,781069,8,/scratch/marzii/PT/human_label/human,mixture-v2 (seed_0/render),submitted
lunarlander-human-count-v2-N50,50,9,781069,9,/scratch/marzii/PT/human_label/human,mixture-v2 (seed_0/render),submitted
lunarlander-human-count-v2-N50,50,10,781069,10,/scratch/marzii/PT/human_label/human,mixture-v2 (seed_0/render),submitted
lunarlander-human-count-v2-N50,50,11,781069,11,/scratch/marzii/PT/human_label/human,mixture-v2 (seed_0/render),submitted
lunarlander-human-count-v2-N50,50,12,781069,12,/scratch/marzii/PT/human_label/human,mixture-v2 (seed_0/render),submitted
lunarlander-human-count-v2-N50,50,13,781069,13,/scratch/marzii/PT/human_label/human,mixture-v2 (seed_0/render),submitted
lunarlander-human-count-v2-N50,50,14,781069,14,/scratch/marzii/PT/human_label/human,mixture-v2 (seed_0/render),submitted
lunarlander-human-count-v2-N50,50,15,781069,15,/scratch/marzii/PT/human_label/human,mixture-v2 (seed_0/render),submitted
lunarlander-human-count-v2-N50,50,16,781069,16,/scratch/marzii/PT/human_label/human,mixture-v2 (seed_0/render),submitted
lunarlander-human-count-v2-N50,50,17,781069,17,/scratch/marzii/PT/human_label/human,mixture-v2 (seed_0/render),submitted
lunarlander-human-count-v2-N50,50,18,781069,18,/scratch/marzii/PT/human_label/human,mixture-v2 (seed_0/render),submitted
lunarlander-human-count-v2-N50,50,19,781069,19,/scratch/marzii/PT/human_label/human,mixture-v2 (seed_0/render),submitted
lunarlander-human-count-v2-N50,50,20,781069,20,/scratch/marzii/PT/human_label/human,mixture-v2 (seed_0/render),submitted
lunarlander-human-count-v2-N50,50,21,781069,21,/scratch/marzii/PT/human_label/human,mixture-v2 (seed_0/render),submitted
lunarlander-human-count-v2-N50,50,22,781069,22,/scratch/marzii/PT/human_label/human,mixture-v2 (seed_0/render),submitted
lunarlander-human-count-v2-N50,50,23,781069,23,/scratch/marzii/PT/human_label/human,mixture-v2 (seed_0/render),submitted
lunarlander-human-count-v2-N50,50,24,781069,24,/scratch/marzii/PT/human_label/human,mixture-v2 (seed_0/render),submitted
lunarlander-human-count-v2-N50,50,25,781069,25,/scratch/marzii/PT/human_label/human,mixture-v2 (seed_0/render),submitted
lunarlander-human-count-v2-N50,50,26,781069,26,/scratch/marzii/PT/human_label/human,mixture-v2 (seed_0/render),submitted
lunarlander-human-count-v2-N50,50,27,781069,27,/scratch/marzii/PT/human_label/human,mixture-v2 (seed_0/render),submitted
lunarlander-human-count-v2-N50,50,28,781069,28,/scratch/marzii/PT/human_label/human,mixture-v2 (seed_0/render),submitted
lunarlander-human-count-v2-N50,50,29,781069,29,/scratch/marzii/PT/human_label/human,mixture-v2 (seed_0/render),submitted
lunarlander-human-count-v2-N100,100,0,781070,0,/scratch/marzii/PT/human_label/human,mixture-v2 (seed_0/render),submitted
lunarlander-human-count-v2-N100,100,1,781070,1,/scratch/marzii/PT/human_label/human,mixture-v2 (seed_0/render),submitted
lunarlander-human-count-v2-N100,100,2,781070,2,/scratch/marzii/PT/human_label/human,mixture-v2 (seed_0/render),submitted
lunarlander-human-count-v2-N100,100,3,781070,3,/scratch/marzii/PT/human_label/human,mixture-v2 (seed_0/render),submitted
lunarlander-human-count-v2-N100,100,4,781070,4,/scratch/marzii/PT/human_label/human,mixture-v2 (seed_0/render),submitted
lunarlander-human-count-v2-N100,100,5,781070,5,/scratch/marzii/PT/human_label/human,mixture-v2 (seed_0/render),submitted
lunarlander-human-count-v2-N100,100,6,781070,6,/scratch/marzii/PT/human_label/human,mixture-v2 (seed_0/render),submitted
lunarlander-human-count-v2-N100,100,7,781070,7,/scratch/marzii/PT/human_label/human,mixture-v2 (seed_0/render),submitted
lunarlander-human-count-v2-N100,100,8,781070,8,/scratch/marzii/PT/human_label/human,mixture-v2 (seed_0/render),submitted
lunarlander-human-count-v2-N100,100,9,781070,9,/scratch/marzii/PT/human_label/human,mixture-v2 (seed_0/render),submitted
lunarlander-human-count-v2-N100,100,10,781070,10,/scratch/marzii/PT/human_label/human,mixture-v2 (seed_0/render),submitted
lunarlander-human-count-v2-N100,100,11,781070,11,/scratch/marzii/PT/human_label/human,mixture-v2 (seed_0/render),submitted
lunarlander-human-count-v2-N100,100,12,781070,12,/scratch/marzii/PT/human_label/human,mixture-v2 (seed_0/render),submitted
lunarlander-human-count-v2-N100,100,13,781070,13,/scratch/marzii/PT/human_label/human,mixture-v2 (seed_0/render),submitted
lunarlander-human-count-v2-N100,100,14,781070,14,/scratch/marzii/PT/human_label/human,mixture-v2 (seed_0/render),submitted
lunarlander-human-count-v2-N100,100,15,781070,15,/scratch/marzii/PT/human_label/human,mixture-v2 (seed_0/render),submitted
lunarlander-human-count-v2-N100,100,16,781070,16,/scratch/marzii/PT/human_label/human,mixture-v2 (seed_0/render),submitted
lunarlander-human-count-v2-N100,100,17,781070,17,/scratch/marzii/PT/human_label/human,mixture-v2 (seed_0/render),submitted
lunarlander-human-count-v2-N100,100,18,781070,18,/scratch/marzii/PT/human_label/human,mixture-v2 (seed_0/render),submitted
lunarlander-human-count-v2-N100,100,19,781070,19,/scratch/marzii/PT/human_label/human,mixture-v2 (seed_0/render),submitted
lunarlander-human-count-v2-N100,100,20,781070,20,/scratch/marzii/PT/human_label/human,mixture-v2 (seed_0/render),submitted
lunarlander-human-count-v2-N100,100,21,781070,21,/scratch/marzii/PT/human_label/human,mixture-v2 (seed_0/render),submitted
lunarlander-human-count-v2-N100,100,22,781070,22,/scratch/marzii/PT/human_label/human,mixture-v2 (seed_0/render),submitted
lunarlander-human-count-v2-N100,100,23,781070,23,/scratch/marzii/PT/human_label/human,mixture-v2 (seed_0/render),submitted
lunarlander-human-count-v2-N100,100,24,781070,24,/scratch/marzii/PT/human_label/human,mixture-v2 (seed_0/render),submitted
lunarlander-human-count-v2-N100,100,25,781070,25,/scratch/marzii/PT/human_label/human,mixture-v2 (seed_0/render),submitted
lunarlander-human-count-v2-N100,100,26,781070,26,/scratch/marzii/PT/human_label/human,mixture-v2 (seed_0/render),submitted
lunarlander-human-count-v2-N100,100,27,781070,27,/scratch/marzii/PT/human_label/human,mixture-v2 (seed_0/render),submitted
lunarlander-human-count-v2-N100,100,28,781070,28,/scratch/marzii/PT/human_label/human,mixture-v2 (seed_0/render),submitted
lunarlander-human-count-v2-N100,100,29,781070,29,/scratch/marzii/PT/human_label/human,mixture-v2 (seed_0/render),submitted
lunarlander-human-count-v2-N750,750,0,781071,0,/scratch/marzii/PT/human_label/human,mixture-v2 (seed_0/render),submitted
lunarlander-human-count-v2-N750,750,1,781071,1,/scratch/marzii/PT/human_label/human,mixture-v2 (seed_0/render),submitted
lunarlander-human-count-v2-N750,750,2,781071,2,/scratch/marzii/PT/human_label/human,mixture-v2 (seed_0/render),submitted
lunarlander-human-count-v2-N750,750,3,781071,3,/scratch/marzii/PT/human_label/human,mixture-v2 (seed_0/render),submitted
lunarlander-human-count-v2-N750,750,4,781071,4,/scratch/marzii/PT/human_label/human,mixture-v2 (seed_0/render),submitted
lunarlander-human-count-v2-N750,750,5,781071,5,/scratch/marzii/PT/human_label/human,mixture-v2 (seed_0/render),submitted
lunarlander-human-count-v2-N750,750,6,781071,6,/scratch/marzii/PT/human_label/human,mixture-v2 (seed_0/render),submitted
lunarlander-human-count-v2-N750,750,7,781071,7,/scratch/marzii/PT/human_label/human,mixture-v2 (seed_0/render),submitted
lunarlander-human-count-v2-N750,750,8,781071,8,/scratch/marzii/PT/human_label/human,mixture-v2 (seed_0/render),submitted
lunarlander-human-count-v2-N750,750,9,781071,9,/scratch/marzii/PT/human_label/human,mixture-v2 (seed_0/render),submitted
lunarlander-human-count-v2-N750,750,10,781071,10,/scratch/marzii/PT/human_label/human,mixture-v2 (seed_0/render),submitted
lunarlander-human-count-v2-N750,750,11,781071,11,/scratch/marzii/PT/human_label/human,mixture-v2 (seed_0/render),submitted
lunarlander-human-count-v2-N750,750,12,781071,12,/scratch/marzii/PT/human_label/human,mixture-v2 (seed_0/render),submitted
lunarlander-human-count-v2-N750,750,13,781071,13,/scratch/marzii/PT/human_label/human,mixture-v2 (seed_0/render),submitted
lunarlander-human-count-v2-N750,750,14,781071,14,/scratch/marzii/PT/human_label/human,mixture-v2 (seed_0/render),submitted
lunarlander-human-count-v2-N750,750,15,781071,15,/scratch/marzii/PT/human_label/human,mixture-v2 (seed_0/render),submitted
lunarlander-human-count-v2-N750,750,16,781071,16,/scratch/marzii/PT/human_label/human,mixture-v2 (seed_0/render),submitted
lunarlander-human-count-v2-N750,750,17,781071,17,/scratch/marzii/PT/human_label/human,mixture-v2 (seed_0/render),submitted
lunarlander-human-count-v2-N750,750,18,781071,18,/scratch/marzii/PT/human_label/human,mixture-v2 (seed_0/render),submitted
lunarlander-human-count-v2-N750,750,19,781071,19,/scratch/marzii/PT/human_label/human,mixture-v2 (seed_0/render),submitted
lunarlander-human-count-v2-N750,750,20,781071,20,/scratch/marzii/PT/human_label/human,mixture-v2 (seed_0/render),submitted
lunarlander-human-count-v2-N750,750,21,781071,21,/scratch/marzii/PT/human_label/human,mixture-v2 (seed_0/render),submitted
lunarlander-human-count-v2-N750,750,22,781071,22,/scratch/marzii/PT/human_label/human,mixture-v2 (seed_0/render),submitted
lunarlander-human-count-v2-N750,750,23,781071,23,/scratch/marzii/PT/human_label/human,mixture-v2 (seed_0/render),submitted
lunarlander-human-count-v2-N750,750,24,781071,24,/scratch/marzii/PT/human_label/human,mixture-v2 (seed_0/render),submitted
lunarlander-human-count-v2-N750,750,25,781071,25,/scratch/marzii/PT/human_label/human,mixture-v2 (seed_0/render),submitted
lunarlander-human-count-v2-N750,750,26,781071,26,/scratch/marzii/PT/human_label/human,mixture-v2 (seed_0/render),submitted
lunarlander-human-count-v2-N750,750,27,781071,27,/scratch/marzii/PT/human_label/human,mixture-v2 (seed_0/render),submitted
lunarlander-human-count-v2-N750,750,28,781071,28,/scratch/marzii/PT/human_label/human,mixture-v2 (seed_0/render),submitted
lunarlander-human-count-v2-N750,750,29,781071,29,/scratch/marzii/PT/human_label/human,mixture-v2 (seed_0/render),submitted
lunarlander-human-count-v2-N1000,1000,0,781072,0,/scratch/marzii/PT/human_label/human,mixture-v2 (seed_0/render),submitted
lunarlander-human-count-v2-N1000,1000,1,781072,1,/scratch/marzii/PT/human_label/human,mixture-v2 (seed_0/render),submitted
lunarlander-human-count-v2-N1000,1000,2,781072,2,/scratch/marzii/PT/human_label/human,mixture-v2 (seed_0/render),submitted
lunarlander-human-count-v2-N1000,1000,3,781072,3,/scratch/marzii/PT/human_label/human,mixture-v2 (seed_0/render),submitted
lunarlander-human-count-v2-N1000,1000,4,781072,4,/scratch/marzii/PT/human_label/human,mixture-v2 (seed_0/render),submitted
lunarlander-human-count-v2-N1000,1000,5,781072,5,/scratch/marzii/PT/human_label/human,mixture-v2 (seed_0/render),submitted
lunarlander-human-count-v2-N1000,1000,6,781072,6,/scratch/marzii/PT/human_label/human,mixture-v2 (seed_0/render),submitted
lunarlander-human-count-v2-N1000,1000,7,781072,7,/scratch/marzii/PT/human_label/human,mixture-v2 (seed_0/render),submitted
lunarlander-human-count-v2-N1000,1000,8,781072,8,/scratch/marzii/PT/human_label/human,mixture-v2 (seed_0/render),submitted
lunarlander-human-count-v2-N1000,1000,9,781072,9,/scratch/marzii/PT/human_label/human,mixture-v2 (seed_0/render),submitted
lunarlander-human-count-v2-N1000,1000,10,781072,10,/scratch/marzii/PT/human_label/human,mixture-v2 (seed_0/render),submitted
lunarlander-human-count-v2-N1000,1000,11,781072,11,/scratch/marzii/PT/human_label/human,mixture-v2 (seed_0/render),submitted
lunarlander-human-count-v2-N1000,1000,12,781072,12,/scratch/marzii/PT/human_label/human,mixture-v2 (seed_0/render),submitted
lunarlander-human-count-v2-N1000,1000,13,781072,13,/scratch/marzii/PT/human_label/human,mixture-v2 (seed_0/render),submitted
lunarlander-human-count-v2-N1000,1000,14,781072,14,/scratch/marzii/PT/human_label/human,mixture-v2 (seed_0/render),submitted
lunarlander-human-count-v2-N1000,1000,15,781072,15,/scratch/marzii/PT/human_label/human,mixture-v2 (seed_0/render),submitted
lunarlander-human-count-v2-N1000,1000,16,781072,16,/scratch/marzii/PT/human_label/human,mixture-v2 (seed_0/render),submitted
lunarlander-human-count-v2-N1000,1000,17,781072,17,/scratch/marzii/PT/human_label/human,mixture-v2 (seed_0/render),submitted
lunarlander-human-count-v2-N1000,1000,18,781072,18,/scratch/marzii/PT/human_label/human,mixture-v2 (seed_0/render),submitted
lunarlander-human-count-v2-N1000,1000,19,781072,19,/scratch/marzii/PT/human_label/human,mixture-v2 (seed_0/render),submitted
lunarlander-human-count-v2-N1000,1000,20,781072,20,/scratch/marzii/PT/human_label/human,mixture-v2 (seed_0/render),submitted
lunarlander-human-count-v2-N1000,1000,21,781072,21,/scratch/marzii/PT/human_label/human,mixture-v2 (seed_0/render),submitted
lunarlander-human-count-v2-N1000,1000,22,781072,22,/scratch/marzii/PT/human_label/human,mixture-v2 (seed_0/render),submitted
lunarlander-human-count-v2-N1000,1000,23,781072,23,/scratch/marzii/PT/human_label/human,mixture-v2 (seed_0/render),submitted
lunarlander-human-count-v2-N1000,1000,24,781072,24,/scratch/marzii/PT/human_label/human,mixture-v2 (seed_0/render),submitted
lunarlander-human-count-v2-N1000,1000,25,781072,25,/scratch/marzii/PT/human_label/human,mixture-v2 (seed_0/render),submitted
lunarlander-human-count-v2-N1000,1000,26,781072,26,/scratch/marzii/PT/human_label/human,mixture-v2 (seed_0/render),submitted
lunarlander-human-count-v2-N1000,1000,27,781072,27,/scratch/marzii/PT/human_label/human,mixture-v2 (seed_0/render),submitted
lunarlander-human-count-v2-N1000,1000,28,781072,28,/scratch/marzii/PT/human_label/human,mixture-v2 (seed_0/render),submitted
lunarlander-human-count-v2-N1000,1000,29,781072,29,/scratch/marzii/PT/human_label/human,mixture-v2 (seed_0/render),submitted
